[
    {
       "date": "2018-01-01",
       "open": 741.27,
       "high": 764.97,
       "low": 727.14,
       "close": 759.03,
       "volume_eth": 83751.51,
       "volume_usd": 62482198.79
    },
    {
       "date": "2018-01-02",
       "open": 759.03,
       "high": 878.5,
       "low": 759.02,
       "close": 865,
       "volume_eth": 335080.13,
       "volume_usd": 282663894.66
    },
    {
       "date": "2018-01-03",
       "open": 865,
       "high": 949.98,
       "low": 850.11,
       "close": 938.31,
       "volume_eth": 268708.47,
       "volume_usd": 241097653.15
    },
    {
       "date": "2018-01-04",
       "open": 938.31,
       "high": 994.89,
       "low": 906.01,
       "close": 949,
       "volume_eth": 282568.57,
       "volume_usd": 269232364.82
    },
    {
       "date": "2018-01-05",
       "open": 949,
       "high": 1015,
       "low": 935,
       "close": 969.27,
       "volume_eth": 257910.95,
       "volume_usd": 251956164.03
    },
    {
       "date": "2018-01-06",
       "open": 969.27,
       "high": 1009.11,
       "low": 961.23,
       "close": 1006.68,
       "volume_eth": 119847.93,
       "volume_usd": 118766448.47
    },
    {
       "date": "2018-01-07",
       "open": 1006.68,
       "high": 1118.3,
       "low": 1003.02,
       "close": 1118.3,
       "volume_eth": 165746.64,
       "volume_usd": 176519091.6
    },
    {
       "date": "2018-01-08",
       "open": 1118.3,
       "high": 1228.99,
       "low": 951,
       "close": 1137.01,
       "volume_eth": 349324.21,
       "volume_usd": 395312780.75
    },
    {
       "date": "2018-01-09",
       "open": 1137.01,
       "high": 1297.58,
       "low": 1119,
       "close": 1290.01,
       "volume_eth": 254757.33,
       "volume_usd": 308934115.32
    },
    {
       "date": "2018-01-10",
       "open": 1290.01,
       "high": 1386.99,
       "low": 1207.61,
       "close": 1246.95,
       "volume_eth": 348207.24,
       "volume_usd": 455622468.29
    },
    {
       "date": "2018-01-11",
       "open": 1246.95,
       "high": 1335,
       "low": 1083.97,
       "close": 1137.01,
       "volume_eth": 350252.85,
       "volume_usd": 420030363.98
    },
    {
       "date": "2018-01-12",
       "open": 1137.01,
       "high": 1285,
       "low": 1089.18,
       "close": 1260,
       "volume_eth": 190313.92,
       "volume_usd": 230563476.08
    },
    {
       "date": "2018-01-13",
       "open": 1260,
       "high": 1419.96,
       "low": 1259.99,
       "close": 1386.02,
       "volume_eth": 183918.99,
       "volume_usd": 248668724.98
    },
    {
       "date": "2018-01-14",
       "open": 1386.02,
       "high": 1389.11,
       "low": 1256.01,
       "close": 1365.46,
       "volume_eth": 131600.19,
       "volume_usd": 175703182.18
    },
    {
       "date": "2018-01-15",
       "open": 1365.46,
       "high": 1380.97,
       "low": 1269.01,
       "close": 1278.63,
       "volume_eth": 119057.72,
       "volume_usd": 157026819.85
    },
    {
       "date": "2018-01-16",
       "open": 1278.63,
       "high": 1285.57,
       "low": 852.01,
       "close": 1080,
       "volume_eth": 579557.94,
       "volume_usd": 617688885.39
    },
    {
       "date": "2018-01-17",
       "open": 1080,
       "high": 1164.4,
       "low": 757,
       "close": 1028.06,
       "volume_eth": 791710.8,
       "volume_usd": 736027535.89
    },
    {
       "date": "2018-01-18",
       "open": 1028.06,
       "high": 1100,
       "low": 951,
       "close": 1025.78,
       "volume_eth": 336528.66,
       "volume_usd": 350676894.63
    },
    {
       "date": "2018-01-19",
       "open": 1025.78,
       "high": 1093,
       "low": 994.4,
       "close": 1037.45,
       "volume_eth": 158648.34,
       "volume_usd": 164823297.11
    },
    {
       "date": "2018-01-20",
       "open": 1037.45,
       "high": 1164.97,
       "low": 1036.08,
       "close": 1150.02,
       "volume_eth": 158694.23,
       "volume_usd": 176404493.33
    },
    {
       "date": "2018-01-21",
       "open": 1150.02,
       "high": 1151,
       "low": 1011,
       "close": 1047.13,
       "volume_eth": 147787.86,
       "volume_usd": 158124230.09
    },
    {
       "date": "2018-01-22",
       "open": 1047.13,
       "high": 1080,
       "low": 917,
       "close": 999.68,
       "volume_eth": 204309.19,
       "volume_usd": 202377929.3
    },
    {
       "date": "2018-01-23",
       "open": 999.68,
       "high": 1019,
       "low": 905,
       "close": 984.03,
       "volume_eth": 201639.94,
       "volume_usd": 196387474.02
    },
    {
       "date": "2018-01-24",
       "open": 984.03,
       "high": 1056.99,
       "low": 952.68,
       "close": 1056.99,
       "volume_eth": 149999.5,
       "volume_usd": 151249762.76
    },
    {
       "date": "2018-01-25",
       "open": 1056.99,
       "high": 1098.74,
       "low": 1014.9,
       "close": 1040,
       "volume_eth": 159131.45,
       "volume_usd": 168874122.08
    },
    {
       "date": "2018-01-26",
       "open": 1040,
       "high": 1071.75,
       "low": 987.54,
       "close": 1045.57,
       "volume_eth": 133679.04,
       "volume_usd": 138418187.04
    },
    {
       "date": "2018-01-27",
       "open": 1045.57,
       "high": 1118.98,
       "low": 1030,
       "close": 1100,
       "volume_eth": 111977.09,
       "volume_usd": 120570461.77
    },
    {
       "date": "2018-01-28",
       "open": 1100,
       "high": 1224,
       "low": 1087.94,
       "close": 1215.01,
       "volume_eth": 164654.9,
       "volume_usd": 191902216.48
    },
    {
       "date": "2018-01-29",
       "open": 1215.01,
       "high": 1221.74,
       "low": 1137.2,
       "close": 1162.27,
       "volume_eth": 120882.1,
       "volume_usd": 141102467.69
    },
    {
       "date": "2018-01-30",
       "open": 1162.27,
       "high": 1171,
       "low": 1025,
       "close": 1054.39,
       "volume_eth": 220058.79,
       "volume_usd": 239959019.68
    },
    {
       "date": "2018-01-31",
       "open": 1054.39,
       "high": 1121.03,
       "low": 1013.25,
       "close": 1105,
       "volume_eth": 167767.66,
       "volume_usd": 179717810.57
    },
    {
       "date": "2018-02-01",
       "open": 1105,
       "high": 1143,
       "low": 930,
       "close": 1017.48,
       "volume_eth": 308093.39,
       "volume_usd": 321672225.12
    },
    {
       "date": "2018-02-02",
       "open": 1017.48,
       "high": 1020.48,
       "low": 726.43,
       "close": 911.99,
       "volume_eth": 544474.95,
       "volume_usd": 487774968.42
    },
    {
       "date": "2018-02-03",
       "open": 911.99,
       "high": 998,
       "low": 841.61,
       "close": 969.4,
       "volume_eth": 190127.22,
       "volume_usd": 177128763.25
    },
    {
       "date": "2018-02-04",
       "open": 969.4,
       "high": 970.4,
       "low": 783.27,
       "close": 826,
       "volume_eth": 206467.92,
       "volume_usd": 179475868.51
    },
    {
       "date": "2018-02-05",
       "open": 826,
       "high": 857.5,
       "low": 615,
       "close": 693.54,
       "volume_eth": 556041.26,
       "volume_usd": 400225832.72
    },
    {
       "date": "2018-02-06",
       "open": 693.54,
       "high": 807.5,
       "low": 555.56,
       "close": 783.83,
       "volume_eth": 724904.53,
       "volume_usd": 487312087.6
    },
    {
       "date": "2018-02-07",
       "open": 783.83,
       "high": 864.49,
       "low": 718.03,
       "close": 750.04,
       "volume_eth": 342377.72,
       "volume_usd": 271817279.01
    },
    {
       "date": "2018-02-08",
       "open": 750.04,
       "high": 843,
       "low": 747.82,
       "close": 812,
       "volume_eth": 179532.03,
       "volume_usd": 144121843.56
    },
    {
       "date": "2018-02-09",
       "open": 812,
       "high": 879.2,
       "low": 780,
       "close": 875.99,
       "volume_eth": 163125.96,
       "volume_usd": 136643584.82
    },
    {
       "date": "2018-02-10",
       "open": 875.99,
       "high": 908.76,
       "low": 815,
       "close": 849.47,
       "volume_eth": 153410.82,
       "volume_usd": 132968606.31
    },
    {
       "date": "2018-02-11",
       "open": 849.47,
       "high": 851.77,
       "low": 780,
       "close": 811.35,
       "volume_eth": 99152.51,
       "volume_usd": 81308495.68
    },
    {
       "date": "2018-02-12",
       "open": 811.35,
       "high": 874.03,
       "low": 810.99,
       "close": 864.4,
       "volume_eth": 88046.97,
       "volume_usd": 75144272.41
    },
    {
       "date": "2018-02-13",
       "open": 864.4,
       "high": 867.48,
       "low": 826,
       "close": 840.49,
       "volume_eth": 69322.43,
       "volume_usd": 58507170.74
    },
    {
       "date": "2018-02-14",
       "open": 840.49,
       "high": 924.7,
       "low": 839.45,
       "close": 920.27,
       "volume_eth": 163475.74,
       "volume_usd": 145467815.14
    },
    {
       "date": "2018-02-15",
       "open": 920.27,
       "high": 948.23,
       "low": 905.49,
       "close": 929.3,
       "volume_eth": 131225.07,
       "volume_usd": 121775173.56
    },
    {
       "date": "2018-02-16",
       "open": 929.3,
       "high": 944.92,
       "low": 910.8,
       "close": 936.02,
       "volume_eth": 79102.83,
       "volume_usd": 73649640.03
    },
    {
       "date": "2018-02-17",
       "open": 936.02,
       "high": 976.79,
       "low": 934.2,
       "close": 975,
       "volume_eth": 72522.39,
       "volume_usd": 69779993.19
    },
    {
       "date": "2018-02-18",
       "open": 975,
       "high": 982.99,
       "low": 909.1,
       "close": 912.41,
       "volume_eth": 94527.04,
       "volume_usd": 89097714.86
    },
    {
       "date": "2018-02-19",
       "open": 912.41,
       "high": 956,
       "low": 911,
       "close": 939.01,
       "volume_eth": 51464.5,
       "volume_usd": 48264429.44
    },
    {
       "date": "2018-02-20",
       "open": 939.01,
       "high": 958,
       "low": 875,
       "close": 884.76,
       "volume_eth": 108323.32,
       "volume_usd": 100249666.54
    },
    {
       "date": "2018-02-21",
       "open": 884.76,
       "high": 908.15,
       "low": 817.01,
       "close": 840.34,
       "volume_eth": 128091.08,
       "volume_usd": 110099877.7
    },
    {
       "date": "2018-02-22",
       "open": 840.34,
       "high": 870,
       "low": 790.01,
       "close": 806,
       "volume_eth": 101411.56,
       "volume_usd": 83281536.33
    },
    {
       "date": "2018-02-23",
       "open": 806,
       "high": 883,
       "low": 786.4,
       "close": 854.01,
       "volume_eth": 99595.59,
       "volume_usd": 83650514.41
    },
    {
       "date": "2018-02-24",
       "open": 854.01,
       "high": 874.66,
       "low": 808.37,
       "close": 833.2,
       "volume_eth": 63968.83,
       "volume_usd": 53690578.01
    },
    {
       "date": "2018-02-25",
       "open": 833.2,
       "high": 849.26,
       "low": 816.89,
       "close": 841.96,
       "volume_eth": 38291.2,
       "volume_usd": 31990949.42
    },
    {
       "date": "2018-02-26",
       "open": 841.96,
       "high": 877.5,
       "low": 835,
       "close": 867.09,
       "volume_eth": 63250.59,
       "volume_usd": 54427597.14
    },
    {
       "date": "2018-02-27",
       "open": 867.09,
       "high": 894,
       "low": 860.97,
       "close": 870.98,
       "volume_eth": 60578.72,
       "volume_usd": 53084539.39
    },
    {
       "date": "2018-02-28",
       "open": 870.98,
       "high": 887.5,
       "low": 848.21,
       "close": 849.99,
       "volume_eth": 58133.38,
       "volume_usd": 50595433.19
    },
    {
       "date": "2018-03-01",
       "open": 849.99,
       "high": 878,
       "low": 845.54,
       "close": 868.74,
       "volume_eth": 48899.31,
       "volume_usd": 42275824.21
    },
    {
       "date": "2018-03-02",
       "open": 868.74,
       "high": 873.12,
       "low": 846.97,
       "close": 854.31,
       "volume_eth": 43776.13,
       "volume_usd": 37668051.86
    },
    {
       "date": "2018-03-03",
       "open": 854.31,
       "high": 866.72,
       "low": 851.04,
       "close": 854.34,
       "volume_eth": 33187.93,
       "volume_usd": 28546722.25
    },
    {
       "date": "2018-03-04",
       "open": 854.34,
       "high": 865,
       "low": 836.37,
       "close": 861.74,
       "volume_eth": 32005.49,
       "volume_usd": 27288599.25
    },
    {
       "date": "2018-03-05",
       "open": 861.74,
       "high": 866,
       "low": 848.83,
       "close": 848.83,
       "volume_eth": 38758.29,
       "volume_usd": 33279801.24
    },
    {
       "date": "2018-03-06",
       "open": 848.83,
       "high": 849.97,
       "low": 801.01,
       "close": 815.43,
       "volume_eth": 57328.2,
       "volume_usd": 47392056.25
    },
    {
       "date": "2018-03-07",
       "open": 815.43,
       "high": 825,
       "low": 724,
       "close": 751.38,
       "volume_eth": 127281.5,
       "volume_usd": 96964275.13
    },
    {
       "date": "2018-03-08",
       "open": 751.38,
       "high": 774,
       "low": 686,
       "close": 698.83,
       "volume_eth": 103420.35,
       "volume_usd": 75069227.76
    },
    {
       "date": "2018-03-09",
       "open": 698.83,
       "high": 734,
       "low": 641.6,
       "close": 728.46,
       "volume_eth": 162041.5,
       "volume_usd": 110795291.46
    },
    {
       "date": "2018-03-10",
       "open": 728.46,
       "high": 749,
       "low": 680.2,
       "close": 683.6,
       "volume_eth": 66035.23,
       "volume_usd": 47570441.83
    },
    {
       "date": "2018-03-11",
       "open": 683.6,
       "high": 735,
       "low": 666,
       "close": 719.79,
       "volume_eth": 66887.24,
       "volume_usd": 46895001.95
    },
    {
       "date": "2018-03-12",
       "open": 719.79,
       "high": 739,
       "low": 678,
       "close": 696.51,
       "volume_eth": 71751.41,
       "volume_usd": 50752087.42
    },
    {
       "date": "2018-03-13",
       "open": 696.51,
       "high": 713.45,
       "low": 679.78,
       "close": 690.39,
       "volume_eth": 61445.84,
       "volume_usd": 42528427.11
    },
    {
       "date": "2018-03-14",
       "open": 690.39,
       "high": 702.5,
       "low": 585.52,
       "close": 614.63,
       "volume_eth": 142152.46,
       "volume_usd": 90311315.9
    },
    {
       "date": "2018-03-15",
       "open": 614.63,
       "high": 621.47,
       "low": 571.16,
       "close": 610.99,
       "volume_eth": 143869,
       "volume_usd": 85999396.91
    },
    {
       "date": "2018-03-16",
       "open": 610.99,
       "high": 626.13,
       "low": 585,
       "close": 600.52,
       "volume_eth": 87874.25,
       "volume_usd": 53600255.89
    },
    {
       "date": "2018-03-17",
       "open": 600.52,
       "high": 609.94,
       "low": 541.11,
       "close": 549.79,
       "volume_eth": 97573.38,
       "volume_usd": 55823645.71
    },
    {
       "date": "2018-03-18",
       "open": 549.79,
       "high": 574,
       "low": 450,
       "close": 538,
       "volume_eth": 409384.42,
       "volume_usd": 204673475.08
    },
    {
       "date": "2018-03-19",
       "open": 538,
       "high": 560.9,
       "low": 516.4,
       "close": 555.55,
       "volume_eth": 177641.14,
       "volume_usd": 96077916.73
    },
    {
       "date": "2018-03-20",
       "open": 555.55,
       "high": 567.04,
       "low": 516.53,
       "close": 558,
       "volume_eth": 148891.98,
       "volume_usd": 81288804.8
    },
    {
       "date": "2018-03-21",
       "open": 558,
       "high": 589.75,
       "low": 545.2,
       "close": 559.98,
       "volume_eth": 115161.56,
       "volume_usd": 65506531.66
    },
    {
       "date": "2018-03-22",
       "open": 559.98,
       "high": 578.73,
       "low": 517.6,
       "close": 539.89,
       "volume_eth": 92291.93,
       "volume_usd": 50071268.3
    },
    {
       "date": "2018-03-23",
       "open": 539.89,
       "high": 543.04,
       "low": 507.84,
       "close": 543.04,
       "volume_eth": 84295.53,
       "volume_usd": 43980747.44
    },
    {
       "date": "2018-03-24",
       "open": 543.04,
       "high": 545.94,
       "low": 517.7,
       "close": 519.57,
       "volume_eth": 51693.57,
       "volume_usd": 27673943.67
    },
    {
       "date": "2018-03-25",
       "open": 519.57,
       "high": 536,
       "low": 510.36,
       "close": 522.55,
       "volume_eth": 48861.72,
       "volume_usd": 25498788.29
    },
    {
       "date": "2018-03-26",
       "open": 522.55,
       "high": 525,
       "low": 466.1,
       "close": 486.75,
       "volume_eth": 144436.62,
       "volume_usd": 70502721.21
    },
    {
       "date": "2018-03-27",
       "open": 486.75,
       "high": 493,
       "low": 445,
       "close": 449,
       "volume_eth": 153118.55,
       "volume_usd": 70690800.36
    },
    {
       "date": "2018-03-28",
       "open": 449,
       "high": 464.89,
       "low": 439.18,
       "close": 445.47,
       "volume_eth": 93147.8,
       "volume_usd": 41778706.52
    },
    {
       "date": "2018-03-29",
       "open": 445.47,
       "high": 448,
       "low": 379.1,
       "close": 383.29,
       "volume_eth": 278952.74,
       "volume_usd": 112855998.33
    },
    {
       "date": "2018-03-30",
       "open": 383.29,
       "high": 411,
       "low": 365,
       "close": 394.46,
       "volume_eth": 278420.31,
       "volume_usd": 106543458.14
    },
    {
       "date": "2018-03-31",
       "open": 394.46,
       "high": 435,
       "low": 388.88,
       "close": 394.54,
       "volume_eth": 144527.54,
       "volume_usd": 58599887.94
    },
    {
       "date": "2018-04-01",
       "open": 394.54,
       "high": 400.65,
       "low": 360,
       "close": 378.18,
       "volume_eth": 108554.28,
       "volume_usd": 41008442.11
    },
    {
       "date": "2018-04-02",
       "open": 378.18,
       "high": 393.95,
       "low": 375.36,
       "close": 384,
       "volume_eth": 89596.37,
       "volume_usd": 34497306.85
    },
    {
       "date": "2018-04-03",
       "open": 384,
       "high": 421.59,
       "low": 380.89,
       "close": 416.38,
       "volume_eth": 152807.1,
       "volume_usd": 61428715.59
    },
    {
       "date": "2018-04-04",
       "open": 416.38,
       "high": 418,
       "low": 370.08,
       "close": 378.43,
       "volume_eth": 114689.84,
       "volume_usd": 44603966.69
    },
    {
       "date": "2018-04-05",
       "open": 378.43,
       "high": 387.2,
       "low": 366.54,
       "close": 381.55,
       "volume_eth": 90647.05,
       "volume_usd": 34236417.33
    },
    {
       "date": "2018-04-06",
       "open": 381.55,
       "high": 386.21,
       "low": 363.33,
       "close": 370.32,
       "volume_eth": 89315.98,
       "volume_usd": 33203912.28
    },
    {
       "date": "2018-04-07",
       "open": 370.32,
       "high": 395.9,
       "low": 369.2,
       "close": 384.61,
       "volume_eth": 59741.6,
       "volume_usd": 22970472.55
    },
    {
       "date": "2018-04-08",
       "open": 384.61,
       "high": 404.1,
       "low": 384.61,
       "close": 399.9,
       "volume_eth": 61747.81,
       "volume_usd": 24419086.11
    },
    {
       "date": "2018-04-09",
       "open": 399.9,
       "high": 432,
       "low": 388,
       "close": 398.8,
       "volume_eth": 127435.23,
       "volume_usd": 51553120.82
    },
    {
       "date": "2018-04-10",
       "open": 398.8,
       "high": 418.26,
       "low": 392.25,
       "close": 415.45,
       "volume_eth": 68843.53,
       "volume_usd": 27867928.26
    },
    {
       "date": "2018-04-11",
       "open": 415.45,
       "high": 433.83,
       "low": 410.11,
       "close": 430.81,
       "volume_eth": 88765.33,
       "volume_usd": 37324786.17
    },
    {
       "date": "2018-04-12",
       "open": 430.81,
       "high": 497,
       "low": 413.81,
       "close": 493.41,
       "volume_eth": 238534.71,
       "volume_usd": 109178070.48
    },
    {
       "date": "2018-04-13",
       "open": 493.41,
       "high": 529.36,
       "low": 481.18,
       "close": 495.22,
       "volume_eth": 224849.04,
       "volume_usd": 113460455.58
    },
    {
       "date": "2018-04-14",
       "open": 495.22,
       "high": 513.86,
       "low": 488,
       "close": 502.4,
       "volume_eth": 76110.4,
       "volume_usd": 38140848.54
    },
    {
       "date": "2018-04-15",
       "open": 502.4,
       "high": 534.57,
       "low": 502.4,
       "close": 533.74,
       "volume_eth": 97808.95,
       "volume_usd": 50914422.3
    },
    {
       "date": "2018-04-16",
       "open": 533.74,
       "high": 537.5,
       "low": 498.29,
       "close": 511.28,
       "volume_eth": 127908.24,
       "volume_usd": 65529419.96
    },
    {
       "date": "2018-04-17",
       "open": 511.28,
       "high": 521.94,
       "low": 500.49,
       "close": 502.42,
       "volume_eth": 93836.96,
       "volume_usd": 47877821.66
    },
    {
       "date": "2018-04-18",
       "open": 502.42,
       "high": 526.49,
       "low": 501.2,
       "close": 525.89,
       "volume_eth": 95960.78,
       "volume_usd": 49352794.85
    },
    {
       "date": "2018-04-19",
       "open": 525.89,
       "high": 569.95,
       "low": 521.18,
       "close": 567.29,
       "volume_eth": 127263.97,
       "volume_usd": 69420999.5
    },
    {
       "date": "2018-04-20",
       "open": 567.29,
       "high": 622.22,
       "low": 557.4,
       "close": 617.17,
       "volume_eth": 177316.95,
       "volume_usd": 103958082.68
    },
    {
       "date": "2018-04-21",
       "open": 617.17,
       "high": 624.21,
       "low": 572,
       "close": 605.16,
       "volume_eth": 100181.66,
       "volume_usd": 60376723.18
    },
    {
       "date": "2018-04-22",
       "open": 605.16,
       "high": 643.47,
       "low": 590.7,
       "close": 621,
       "volume_eth": 90613.77,
       "volume_usd": 56641400.73
    },
    {
       "date": "2018-04-23",
       "open": 621,
       "high": 647.47,
       "low": 618.7,
       "close": 642.85,
       "volume_eth": 91745.79,
       "volume_usd": 58590990.78
    },
    {
       "date": "2018-04-24",
       "open": 642.85,
       "high": 711,
       "low": 642.85,
       "close": 703.38,
       "volume_eth": 200066.58,
       "volume_usd": 137803751.2
    },
    {
       "date": "2018-04-25",
       "open": 703.38,
       "high": 704,
       "low": 578.75,
       "close": 617.49,
       "volume_eth": 324125.26,
       "volume_usd": 206525892.91
    },
    {
       "date": "2018-04-26",
       "open": 617.49,
       "high": 666.82,
       "low": 600,
       "close": 661.13,
       "volume_eth": 141137.95,
       "volume_usd": 88742659.25
    },
    {
       "date": "2018-04-27",
       "open": 661.13,
       "high": 685.91,
       "low": 639.25,
       "close": 642.77,
       "volume_eth": 111601.09,
       "volume_usd": 74188522.16
    },
    {
       "date": "2018-04-28",
       "open": 642.77,
       "high": 692.58,
       "low": 638.7,
       "close": 682,
       "volume_eth": 73630.47,
       "volume_usd": 49824657.9
    },
    {
       "date": "2018-04-29",
       "open": 682,
       "high": 696.71,
       "low": 666.04,
       "close": 687.51,
       "volume_eth": 66129.72,
       "volume_usd": 45186766.99
    },
    {
       "date": "2018-04-30",
       "open": 687.51,
       "high": 692.45,
       "low": 662.11,
       "close": 669.81,
       "volume_eth": 88961.29,
       "volume_usd": 60528460.58
    },
    {
       "date": "2018-05-01",
       "open": 669.81,
       "high": 675.01,
       "low": 627.2,
       "close": 670.75,
       "volume_eth": 150245.28,
       "volume_usd": 97704474.51
    },
    {
       "date": "2018-05-02",
       "open": 670.75,
       "high": 689.98,
       "low": 660.63,
       "close": 685.02,
       "volume_eth": 97029.73,
       "volume_usd": 65675595.56
    },
    {
       "date": "2018-05-03",
       "open": 685.02,
       "high": 784.76,
       "low": 684,
       "close": 775.51,
       "volume_eth": 181350.16,
       "volume_usd": 133925587.25
    },
    {
       "date": "2018-05-04",
       "open": 775.51,
       "high": 805.31,
       "low": 757.1,
       "close": 783.01,
       "volume_eth": 142869.13,
       "volume_usd": 111563538.97
    },
    {
       "date": "2018-05-05",
       "open": 783.01,
       "high": 824.67,
       "low": 778.5,
       "close": 812,
       "volume_eth": 93785.39,
       "volume_usd": 75657582.61
    },
    {
       "date": "2018-05-06",
       "open": 812,
       "high": 828.97,
       "low": 750.7,
       "close": 784.28,
       "volume_eth": 99318.87,
       "volume_usd": 78244583.06
    },
    {
       "date": "2018-05-07",
       "open": 784.28,
       "high": 789.98,
       "low": 695.12,
       "close": 752.42,
       "volume_eth": 212962.73,
       "volume_usd": 156762360.11
    },
    {
       "date": "2018-05-08",
       "open": 752.42,
       "high": 776,
       "low": 720,
       "close": 746.99,
       "volume_eth": 122721.47,
       "volume_usd": 91650830.07
    },
    {
       "date": "2018-05-09",
       "open": 746.99,
       "high": 759.5,
       "low": 708.8,
       "close": 750,
       "volume_eth": 96171.49,
       "volume_usd": 70841297.13
    },
    {
       "date": "2018-05-10",
       "open": 750,
       "high": 768,
       "low": 723.01,
       "close": 723.51,
       "volume_eth": 83048.8,
       "volume_usd": 62084388.22
    },
    {
       "date": "2018-05-11",
       "open": 723.51,
       "high": 735.19,
       "low": 662.6,
       "close": 678.05,
       "volume_eth": 175277.2,
       "volume_usd": 121383936.12
    },
    {
       "date": "2018-05-12",
       "open": 678.05,
       "high": 692.39,
       "low": 638.88,
       "close": 684.66,
       "volume_eth": 101042.73,
       "volume_usd": 67654109.5
    },
    {
       "date": "2018-05-13",
       "open": 684.66,
       "high": 740.31,
       "low": 671,
       "close": 729.29,
       "volume_eth": 78546.64,
       "volume_usd": 55933865.29
    },
    {
       "date": "2018-05-14",
       "open": 729.29,
       "high": 745,
       "low": 684.8,
       "close": 726.9,
       "volume_eth": 154997.01,
       "volume_usd": 111296760.99
    },
    {
       "date": "2018-05-15",
       "open": 726.9,
       "high": 738,
       "low": 694.75,
       "close": 706.08,
       "volume_eth": 92613.08,
       "volume_usd": 66727835.57
    },
    {
       "date": "2018-05-16",
       "open": 706.08,
       "high": 710.44,
       "low": 677.55,
       "close": 707.45,
       "volume_eth": 83332.92,
       "volume_usd": 57790727.85
    },
    {
       "date": "2018-05-17",
       "open": 707.45,
       "high": 717.17,
       "low": 661,
       "close": 668.56,
       "volume_eth": 77681.37,
       "volume_usd": 53802364.81
    },
    {
       "date": "2018-05-18",
       "open": 668.56,
       "high": 694.71,
       "low": 656.5,
       "close": 694.5,
       "volume_eth": 80879.45,
       "volume_usd": 54698883.51
    },
    {
       "date": "2018-05-19",
       "open": 694.5,
       "high": 715.76,
       "low": 677.7,
       "close": 695.96,
       "volume_eth": 44895.71,
       "volume_usd": 31311407.72
    },
    {
       "date": "2018-05-20",
       "open": 695.96,
       "high": 723,
       "low": 687.7,
       "close": 714,
       "volume_eth": 48768.95,
       "volume_usd": 34675570.97
    },
    {
       "date": "2018-05-21",
       "open": 714,
       "high": 717,
       "low": 686.52,
       "close": 696.77,
       "volume_eth": 46748.57,
       "volume_usd": 32841915.46
    },
    {
       "date": "2018-05-22",
       "open": 696.77,
       "high": 699,
       "low": 638,
       "close": 640.5,
       "volume_eth": 94466.09,
       "volume_usd": 62992057.21
    },
    {
       "date": "2018-05-23",
       "open": 640.5,
       "high": 648.46,
       "low": 563.27,
       "close": 577.2,
       "volume_eth": 196828.45,
       "volume_usd": 118757430.45
    },
    {
       "date": "2018-05-24",
       "open": 577.2,
       "high": 609.21,
       "low": 545.36,
       "close": 603,
       "volume_eth": 132716.79,
       "volume_usd": 77524898.56
    },
    {
       "date": "2018-05-25",
       "open": 603,
       "high": 616,
       "low": 568.27,
       "close": 584.02,
       "volume_eth": 95334.71,
       "volume_usd": 56644888.27
    },
    {
       "date": "2018-05-26",
       "open": 584.02,
       "high": 606,
       "low": 577.65,
       "close": 584.99,
       "volume_eth": 43858.88,
       "volume_usd": 26036976.23
    },
    {
       "date": "2018-05-27",
       "open": 584.99,
       "high": 589.5,
       "low": 556,
       "close": 570.75,
       "volume_eth": 52997.24,
       "volume_usd": 30324539.02
    },
    {
       "date": "2018-05-28",
       "open": 570.75,
       "high": 575,
       "low": 507,
       "close": 511.33,
       "volume_eth": 110242.59,
       "volume_usd": 58603747.26
    },
    {
       "date": "2018-05-29",
       "open": 511.33,
       "high": 573.53,
       "low": 510.91,
       "close": 566.66,
       "volume_eth": 130626.85,
       "volume_usd": 71471747.75
    },
    {
       "date": "2018-05-30",
       "open": 566.66,
       "high": 585.92,
       "low": 541.23,
       "close": 557.22,
       "volume_eth": 94445.54,
       "volume_usd": 52961594.41
    },
    {
       "date": "2018-05-31",
       "open": 557.22,
       "high": 589,
       "low": 553.6,
       "close": 577.1,
       "volume_eth": 93197.14,
       "volume_usd": 53537536.55
    },
    {
       "date": "2018-06-01",
       "open": 577.1,
       "high": 588,
       "low": 561.49,
       "close": 578.89,
       "volume_eth": 89495.25,
       "volume_usd": 51239474.38
    },
    {
       "date": "2018-06-02",
       "open": 578.89,
       "high": 600,
       "low": 571.75,
       "close": 590.46,
       "volume_eth": 60266.15,
       "volume_usd": 35320118.74
    },
    {
       "date": "2018-06-03",
       "open": 590.46,
       "high": 627.83,
       "low": 590.46,
       "close": 618.63,
       "volume_eth": 48953.48,
       "volume_usd": 30045741.8
    },
    {
       "date": "2018-06-04",
       "open": 618.63,
       "high": 626.55,
       "low": 576.28,
       "close": 591.5,
       "volume_eth": 63602.98,
       "volume_usd": 37958150.51
    },
    {
       "date": "2018-06-05",
       "open": 591.5,
       "high": 612,
       "low": 574.77,
       "close": 607.6,
       "volume_eth": 70392.81,
       "volume_usd": 41915296.42
    },
    {
       "date": "2018-06-06",
       "open": 607.6,
       "high": 611.69,
       "low": 592.76,
       "close": 606.18,
       "volume_eth": 67121.97,
       "volume_usd": 40416713.5
    },
    {
       "date": "2018-06-07",
       "open": 606.18,
       "high": 615.26,
       "low": 594.01,
       "close": 603.56,
       "volume_eth": 79195.76,
       "volume_usd": 47915825.96
    },
    {
       "date": "2018-06-08",
       "open": 603.56,
       "high": 607,
       "low": 591,
       "close": 598.59,
       "volume_eth": 37162.46,
       "volume_usd": 22280071.08
    },
    {
       "date": "2018-06-09",
       "open": 598.59,
       "high": 608,
       "low": 591.81,
       "close": 593.41,
       "volume_eth": 25904.5,
       "volume_usd": 15573870.9
    },
    {
       "date": "2018-06-10",
       "open": 593.41,
       "high": 593.41,
       "low": 505,
       "close": 525.25,
       "volume_eth": 131453.48,
       "volume_usd": 71125138.71
    },
    {
       "date": "2018-06-11",
       "open": 525.25,
       "high": 536.85,
       "low": 509.97,
       "close": 531.68,
       "volume_eth": 109138.53,
       "volume_usd": 57128600.42
    },
    {
       "date": "2018-06-12",
       "open": 531.68,
       "high": 538.99,
       "low": 485,
       "close": 494.14,
       "volume_eth": 115569.97,
       "volume_usd": 58847310.41
    },
    {
       "date": "2018-06-13",
       "open": 494.14,
       "high": 502.4,
       "low": 450.11,
       "close": 476.02,
       "volume_eth": 160593.09,
       "volume_usd": 76212244.03
    },
    {
       "date": "2018-06-14",
       "open": 476.02,
       "high": 529.34,
       "low": 459.46,
       "close": 519.75,
       "volume_eth": 207991.19,
       "volume_usd": 103522954.18
    },
    {
       "date": "2018-06-15",
       "open": 519.75,
       "high": 521,
       "low": 482,
       "close": 487.45,
       "volume_eth": 96893.05,
       "volume_usd": 48506479.26
    },
    {
       "date": "2018-06-16",
       "open": 487.45,
       "high": 502.81,
       "low": 484.12,
       "close": 497.31,
       "volume_eth": 42779.8,
       "volume_usd": 21176859.4
    },
    {
       "date": "2018-06-17",
       "open": 497.31,
       "high": 507.83,
       "low": 493.33,
       "close": 496.5,
       "volume_eth": 34226.38,
       "volume_usd": 17120744.25
    },
    {
       "date": "2018-06-18",
       "open": 496.5,
       "high": 525,
       "low": 488,
       "close": 517.47,
       "volume_eth": 70868.48,
       "volume_usd": 35923728.96
    },
    {
       "date": "2018-06-19",
       "open": 517.47,
       "high": 547.4,
       "low": 514.45,
       "close": 538.5,
       "volume_eth": 69096.18,
       "volume_usd": 36680610.65
    },
    {
       "date": "2018-06-20",
       "open": 538.5,
       "high": 541.8,
       "low": 516.67,
       "close": 536,
       "volume_eth": 58479.66,
       "volume_usd": 30931573.3
    },
    {
       "date": "2018-06-21",
       "open": 536,
       "high": 544.23,
       "low": 521.5,
       "close": 525.49,
       "volume_eth": 48892.68,
       "volume_usd": 26032187.41
    },
    {
       "date": "2018-06-22",
       "open": 525.49,
       "high": 525.65,
       "low": 449.02,
       "close": 462.01,
       "volume_eth": 151090.1,
       "volume_usd": 72216362.11
    },
    {
       "date": "2018-06-23",
       "open": 462.01,
       "high": 481.74,
       "low": 457.87,
       "close": 475.17,
       "volume_eth": 47244.56,
       "volume_usd": 22260871.06
    },
    {
       "date": "2018-06-24",
       "open": 475.17,
       "high": 476.9,
       "low": 421.1,
       "close": 454.79,
       "volume_eth": 142862.65,
       "volume_usd": 63789853.15
    },
    {
       "date": "2018-06-25",
       "open": 454.79,
       "high": 473.27,
       "low": 445,
       "close": 458.41,
       "volume_eth": 80945.37,
       "volume_usd": 37157310.24
    },
    {
       "date": "2018-06-26",
       "open": 458.41,
       "high": 460.72,
       "low": 429,
       "close": 429.08,
       "volume_eth": 74938.63,
       "volume_usd": 33392996.37
    },
    {
       "date": "2018-06-27",
       "open": 429.08,
       "high": 446,
       "low": 420.12,
       "close": 441.41,
       "volume_eth": 69995.83,
       "volume_usd": 30243406.12
    },
    {
       "date": "2018-06-28",
       "open": 441.41,
       "high": 443.78,
       "low": 417,
       "close": 420,
       "volume_eth": 55866.2,
       "volume_usd": 24089323.95
    },
    {
       "date": "2018-06-29",
       "open": 420,
       "high": 442,
       "low": 404.22,
       "close": 434.6,
       "volume_eth": 94907.82,
       "volume_usd": 39610851.79
    },
    {
       "date": "2018-06-30",
       "open": 434.6,
       "high": 462.49,
       "low": 434.5,
       "close": 453.29,
       "volume_eth": 57061.02,
       "volume_usd": 25635348.33
    },
    {
       "date": "2018-07-01",
       "open": 453.29,
       "high": 455.87,
       "low": 444.85,
       "close": 451.43,
       "volume_eth": 33616.5,
       "volume_usd": 15146943.94
    },
    {
       "date": "2018-07-02",
       "open": 451.43,
       "high": 481.98,
       "low": 442.79,
       "close": 476.34,
       "volume_eth": 68661.24,
       "volume_usd": 32025850.13
    },
    {
       "date": "2018-07-03",
       "open": 476.34,
       "high": 486.76,
       "low": 459.31,
       "close": 461.75,
       "volume_eth": 67116.85,
       "volume_usd": 31705086.4
    },
    {
       "date": "2018-07-04",
       "open": 461.75,
       "high": 482.01,
       "low": 451.35,
       "close": 466.9,
       "volume_eth": 56448.95,
       "volume_usd": 26343207.39
    },
    {
       "date": "2018-07-05",
       "open": 466.9,
       "high": 477.99,
       "low": 457.85,
       "close": 467.25,
       "volume_eth": 53857.11,
       "volume_usd": 25244986.39
    },
    {
       "date": "2018-07-06",
       "open": 467.25,
       "high": 474.99,
       "low": 451.68,
       "close": 469.3,
       "volume_eth": 40899.9,
       "volume_usd": 19062799.82
    },
    {
       "date": "2018-07-07",
       "open": 469.3,
       "high": 486.69,
       "low": 462,
       "close": 484.48,
       "volume_eth": 31689.56,
       "volume_usd": 14927137.74
    },
    {
       "date": "2018-07-08",
       "open": 484.48,
       "high": 494.74,
       "low": 479.31,
       "close": 486.08,
       "volume_eth": 38259.09,
       "volume_usd": 18623873.16
    },
    {
       "date": "2018-07-09",
       "open": 486.08,
       "high": 488,
       "low": 469,
       "close": 471.6,
       "volume_eth": 44924.79,
       "volume_usd": 21491496.64
    },
    {
       "date": "2018-07-10",
       "open": 471.6,
       "high": 473,
       "low": 427.88,
       "close": 432.59,
       "volume_eth": 95651.51,
       "volume_usd": 42586650.82
    },
    {
       "date": "2018-07-11",
       "open": 432.59,
       "high": 448.54,
       "low": 425.34,
       "close": 446.25,
       "volume_eth": 66210.14,
       "volume_usd": 29106538.05
    },
    {
       "date": "2018-07-12",
       "open": 446.25,
       "high": 447.17,
       "low": 418.23,
       "close": 431.46,
       "volume_eth": 49757.95,
       "volume_usd": 21457578.16
    },
    {
       "date": "2018-07-13",
       "open": 431.46,
       "high": 442.31,
       "low": 425.1,
       "close": 432.8,
       "volume_eth": 50436.29,
       "volume_usd": 21933016.06
    },
    {
       "date": "2018-07-14",
       "open": 432.8,
       "high": 439.99,
       "low": 428.13,
       "close": 434.13,
       "volume_eth": 23906.65,
       "volume_usd": 10379674.15
    },
    {
       "date": "2018-07-15",
       "open": 434.13,
       "high": 454.21,
       "low": 431.29,
       "close": 449.41,
       "volume_eth": 33325.87,
       "volume_usd": 14852359.05
    },
    {
       "date": "2018-07-16",
       "open": 449.41,
       "high": 479.92,
       "low": 444.05,
       "close": 478.18,
       "volume_eth": 63612.87,
       "volume_usd": 29769353.57
    },
    {
       "date": "2018-07-17",
       "open": 478.18,
       "high": 510.79,
       "low": 466.1,
       "close": 499.01,
       "volume_eth": 92119.31,
       "volume_usd": 45062392.53
    },
    {
       "date": "2018-07-18",
       "open": 499.01,
       "high": 515.88,
       "low": 468.85,
       "close": 478.81,
       "volume_eth": 94827.67,
       "volume_usd": 46779563.77
    },
    {
       "date": "2018-07-19",
       "open": 478.81,
       "high": 483.88,
       "low": 462.16,
       "close": 468.39,
       "volume_eth": 50581.94,
       "volume_usd": 23880537.85
    },
    {
       "date": "2018-07-20",
       "open": 468.39,
       "high": 468.73,
       "low": 441,
       "close": 448.21,
       "volume_eth": 61048.59,
       "volume_usd": 27847066.85
    },
    {
       "date": "2018-07-21",
       "open": 448.21,
       "high": 468.85,
       "low": 442,
       "close": 461.5,
       "volume_eth": 31111.47,
       "volume_usd": 14278165.26
    },
    {
       "date": "2018-07-22",
       "open": 461.5,
       "high": 471.74,
       "low": 455,
       "close": 456.9,
       "volume_eth": 29849.82,
       "volume_usd": 13805523.2
    },
    {
       "date": "2018-07-23",
       "open": 456.9,
       "high": 469.3,
       "low": 445.66,
       "close": 449,
       "volume_eth": 59338.49,
       "volume_usd": 27160116.83
    },
    {
       "date": "2018-07-24",
       "open": 449,
       "high": 483.92,
       "low": 447.99,
       "close": 478.78,
       "volume_eth": 85029.71,
       "volume_usd": 39952757.95
    },
    {
       "date": "2018-07-25",
       "open": 478.78,
       "high": 484.43,
       "low": 463.55,
       "close": 470.81,
       "volume_eth": 61154.04,
       "volume_usd": 29015958.82
    },
    {
       "date": "2018-07-26",
       "open": 470.81,
       "high": 483.88,
       "low": 460,
       "close": 461.42,
       "volume_eth": 46937.07,
       "volume_usd": 22216152.67
    },
    {
       "date": "2018-07-27",
       "open": 461.42,
       "high": 473.33,
       "low": 454.25,
       "close": 469.3,
       "volume_eth": 43232.8,
       "volume_usd": 20073528.1
    },
    {
       "date": "2018-07-28",
       "open": 469.3,
       "high": 471.01,
       "low": 461.25,
       "close": 468.12,
       "volume_eth": 18686.65,
       "volume_usd": 8725695.14
    },
    {
       "date": "2018-07-29",
       "open": 468.12,
       "high": 471.37,
       "low": 462,
       "close": 466.01,
       "volume_eth": 19933.71,
       "volume_usd": 9292223.1
    },
    {
       "date": "2018-07-30",
       "open": 466.01,
       "high": 469,
       "low": 446,
       "close": 456.47,
       "volume_eth": 47834.01,
       "volume_usd": 21847823.23
    },
    {
       "date": "2018-07-31",
       "open": 456.47,
       "high": 457.3,
       "low": 427.33,
       "close": 432.16,
       "volume_eth": 57334.24,
       "volume_usd": 25036791.62
    },
    {
       "date": "2018-08-01",
       "open": 432.16,
       "high": 435.48,
       "low": 407.78,
       "close": 419.6,
       "volume_eth": 73452.8,
       "volume_usd": 30807918.3
    },
    {
       "date": "2018-08-02",
       "open": 419.6,
       "high": 424.61,
       "low": 407.29,
       "close": 410.71,
       "volume_eth": 43251.21,
       "volume_usd": 17900618.41
    },
    {
       "date": "2018-08-03",
       "open": 410.71,
       "high": 420.27,
       "low": 395,
       "close": 417.8,
       "volume_eth": 86027.37,
       "volume_usd": 34983118.55
    },
    {
       "date": "2018-08-04",
       "open": 417.8,
       "high": 419.16,
       "low": 401,
       "close": 407,
       "volume_eth": 36775.06,
       "volume_usd": 15068691.96
    },
    {
       "date": "2018-08-05",
       "open": 407,
       "high": 413.33,
       "low": 400.5,
       "close": 408.83,
       "volume_eth": 30063.52,
       "volume_usd": 12207924.38
    },
    {
       "date": "2018-08-06",
       "open": 408.83,
       "high": 413.17,
       "low": 401,
       "close": 404.99,
       "volume_eth": 35224.07,
       "volume_usd": 14303450.85
    },
    {
       "date": "2018-08-07",
       "open": 404.99,
       "high": 410,
       "low": 369.1,
       "close": 378.08,
       "volume_eth": 74274.76,
       "volume_usd": 29017762.06
    },
    {
       "date": "2018-08-08",
       "open": 378.08,
       "high": 380.77,
       "low": 347.18,
       "close": 355.7,
       "volume_eth": 181154.7,
       "volume_usd": 65617914.46
    },
    {
       "date": "2018-08-09",
       "open": 355.7,
       "high": 371.09,
       "low": 351,
       "close": 363.99,
       "volume_eth": 91569.92,
       "volume_usd": 33146909.84
    },
    {
       "date": "2018-08-10",
       "open": 363.99,
       "high": 366.46,
       "low": 326,
       "close": 330.99,
       "volume_eth": 99696.89,
       "volume_usd": 34476553.11
    },
    {
       "date": "2018-08-11",
       "open": 330.99,
       "high": 332,
       "low": 310.32,
       "close": 312.65,
       "volume_eth": 62531.65,
       "volume_usd": 19964155.61
    },
    {
       "date": "2018-08-12",
       "open": 312.65,
       "high": 312.65,
       "low": 312.65,
       "close": 312.65,
       "volume_eth": 0,
       "volume_usd": 0
    },
    {
       "date": "2018-08-13",
       "open": 318.15,
       "high": 322.27,
       "low": 281.41,
       "close": 284.11,
       "volume_eth": 213719.18,
       "volume_usd": 63518596.52
    },
    {
       "date": "2018-08-14",
       "open": 284.11,
       "high": 285,
       "low": 250.28,
       "close": 278.37,
       "volume_eth": 349128.4,
       "volume_usd": 92206705.77
    },
    {
       "date": "2018-08-15",
       "open": 278.37,
       "high": 305.4,
       "low": 275.93,
       "close": 281.21,
       "volume_eth": 259286.11,
       "volume_usd": 74972492.46
    },
    {
       "date": "2018-08-16",
       "open": 281.21,
       "high": 298.89,
       "low": 277.84,
       "close": 286.67,
       "volume_eth": 117692.3,
       "volume_usd": 33921385.41
    },
    {
       "date": "2018-08-17",
       "open": 286.67,
       "high": 319,
       "low": 285.42,
       "close": 317.54,
       "volume_eth": 164089.67,
       "volume_usd": 49488392.79
    },
    {
       "date": "2018-08-18",
       "open": 317.54,
       "high": 322.16,
       "low": 283.1,
       "close": 296.61,
       "volume_eth": 101805.05,
       "volume_usd": 30594763.49
    },
    {
       "date": "2018-08-19",
       "open": 296.61,
       "high": 307.65,
       "low": 289.33,
       "close": 300.03,
       "volume_eth": 62584.69,
       "volume_usd": 18638319.07
    },
    {
       "date": "2018-08-20",
       "open": 300.03,
       "high": 304,
       "low": 268.02,
       "close": 270.76,
       "volume_eth": 112574.45,
       "volume_usd": 31911077.26
    },
    {
       "date": "2018-08-21",
       "open": 270.76,
       "high": 286.42,
       "low": 269.13,
       "close": 281.49,
       "volume_eth": 70794.12,
       "volume_usd": 19629932.34
    },
    {
       "date": "2018-08-22",
       "open": 281.49,
       "high": 298.99,
       "low": 259.11,
       "close": 270.47,
       "volume_eth": 156249.02,
       "volume_usd": 43487128.1
    },
    {
       "date": "2018-08-23",
       "open": 270.47,
       "high": 280.39,
       "low": 268.6,
       "close": 275.87,
       "volume_eth": 94301.8,
       "volume_usd": 25851264.41
    },
    {
       "date": "2018-08-24",
       "open": 275.87,
       "high": 283.38,
       "low": 270.27,
       "close": 281.35,
       "volume_eth": 73790.02,
       "volume_usd": 20358888.35
    },
    {
       "date": "2018-08-25",
       "open": 281.35,
       "high": 282.95,
       "low": 276.99,
       "close": 277.97,
       "volume_eth": 31675.45,
       "volume_usd": 8861404.76
    },
    {
       "date": "2018-08-26",
       "open": 277.97,
       "high": 277.97,
       "low": 270,
       "close": 274.25,
       "volume_eth": 38510.9,
       "volume_usd": 10541022.16
    },
    {
       "date": "2018-08-27",
       "open": 274.25,
       "high": 288.64,
       "low": 271.32,
       "close": 287.99,
       "volume_eth": 65231.95,
       "volume_usd": 18140309.9
    },
    {
       "date": "2018-08-28",
       "open": 287.99,
       "high": 297.64,
       "low": 282.85,
       "close": 295.39,
       "volume_eth": 81322.64,
       "volume_usd": 23562543.29
    },
    {
       "date": "2018-08-29",
       "open": 295.39,
       "high": 297.32,
       "low": 284.11,
       "close": 289,
       "volume_eth": 57773.47,
       "volume_usd": 16790551.08
    },
    {
       "date": "2018-08-30",
       "open": 289,
       "high": 290.99,
       "low": 272.13,
       "close": 284.52,
       "volume_eth": 79430.8,
       "volume_usd": 22280046.32
    },
    {
       "date": "2018-08-31",
       "open": 284.52,
       "high": 284.7,
       "low": 276.66,
       "close": 281.94,
       "volume_eth": 49979.72,
       "volume_usd": 14024974.73
    },
    {
       "date": "2018-09-01",
       "open": 281.94,
       "high": 302.2,
       "low": 281.94,
       "close": 294.64,
       "volume_eth": 58992.41,
       "volume_usd": 17275372.99
    },
    {
       "date": "2018-09-02",
       "open": 294.64,
       "high": 298.72,
       "low": 288.48,
       "close": 295.06,
       "volume_eth": 44050.38,
       "volume_usd": 12950767.74
    },
    {
       "date": "2018-09-03",
       "open": 295.06,
       "high": 296.38,
       "low": 285.76,
       "close": 288.6,
       "volume_eth": 55677.23,
       "volume_usd": 16127692.96
    },
    {
       "date": "2018-09-04",
       "open": 288.6,
       "high": 292.11,
       "low": 282.1,
       "close": 285.43,
       "volume_eth": 73006.3,
       "volume_usd": 20968444.97
    },
    {
       "date": "2018-09-05",
       "open": 285.43,
       "high": 287.95,
       "low": 225.54,
       "close": 227.56,
       "volume_eth": 220426.19,
       "volume_usd": 55630162.73
    },
    {
       "date": "2018-09-06",
       "open": 227.56,
       "high": 233.6,
       "low": 211,
       "close": 229.66,
       "volume_eth": 277401.36,
       "volume_usd": 62178646.67
    },
    {
       "date": "2018-09-07",
       "open": 229.66,
       "high": 234.23,
       "low": 214,
       "close": 215.21,
       "volume_eth": 129119.05,
       "volume_usd": 28572511.21
    },
    {
       "date": "2018-09-08",
       "open": 215.21,
       "high": 220,
       "low": 190.01,
       "close": 197,
       "volume_eth": 178662.21,
       "volume_usd": 36271876.11
    },
    {
       "date": "2018-09-09",
       "open": 197,
       "high": 208.5,
       "low": 185.39,
       "close": 195.91,
       "volume_eth": 151853.72,
       "volume_usd": 29824528.14
    },
    {
       "date": "2018-09-10",
       "open": 195.91,
       "high": 202.7,
       "low": 186.59,
       "close": 196.94,
       "volume_eth": 133129.95,
       "volume_usd": 25934930.5
    },
    {
       "date": "2018-09-11",
       "open": 196.94,
       "high": 199.25,
       "low": 175.5,
       "close": 185.15,
       "volume_eth": 174425.99,
       "volume_usd": 32523972.66
    },
    {
       "date": "2018-09-12",
       "open": 185.15,
       "high": 185.15,
       "low": 167,
       "close": 182.79,
       "volume_eth": 245925.52,
       "volume_usd": 43013099.84
    },
    {
       "date": "2018-09-13",
       "open": 182.79,
       "high": 215,
       "low": 182.79,
       "close": 211.39,
       "volume_eth": 284936.72,
       "volume_usd": 57216219.27
    },
    {
       "date": "2018-09-14",
       "open": 211.39,
       "high": 224.3,
       "low": 202.51,
       "close": 210,
       "volume_eth": 217479.88,
       "volume_usd": 46513084.25
    },
    {
       "date": "2018-09-15",
       "open": 210,
       "high": 227.5,
       "low": 208.26,
       "close": 221.69,
       "volume_eth": 110587.06,
       "volume_usd": 24347281.2
    },
    {
       "date": "2018-09-16",
       "open": 221.69,
       "high": 223.43,
       "low": 208.01,
       "close": 220.19,
       "volume_eth": 95433.56,
       "volume_usd": 20709679.89
    },
    {
       "date": "2018-09-17",
       "open": 220.19,
       "high": 224.9,
       "low": 192.2,
       "close": 195.97,
       "volume_eth": 217257.83,
       "volume_usd": 45017560.43
    },
    {
       "date": "2018-09-18",
       "open": 195.97,
       "high": 214.87,
       "low": 194.05,
       "close": 208.5,
       "volume_eth": 144897.83,
       "volume_usd": 29794914.11
    },
    {
       "date": "2018-09-19",
       "open": 208.5,
       "high": 214.68,
       "low": 197.34,
       "close": 209.81,
       "volume_eth": 166183.03,
       "volume_usd": 34497371.17
    },
    {
       "date": "2018-09-20",
       "open": 209.81,
       "high": 227.34,
       "low": 206.64,
       "close": 224.41,
       "volume_eth": 168663.66,
       "volume_usd": 36045367.62
    },
    {
       "date": "2018-09-21",
       "open": 224.41,
       "high": 252,
       "low": 221,
       "close": 247.76,
       "volume_eth": 263380.54,
       "volume_usd": 61787654.84
    },
    {
       "date": "2018-09-22",
       "open": 247.76,
       "high": 255,
       "low": 232.67,
       "close": 240.71,
       "volume_eth": 122038.69,
       "volume_usd": 29505230.63
    },
    {
       "date": "2018-09-23",
       "open": 240.71,
       "high": 249.79,
       "low": 237.1,
       "close": 244.35,
       "volume_eth": 74603.46,
       "volume_usd": 18108035.62
    },
    {
       "date": "2018-09-24",
       "open": 244.35,
       "high": 245.79,
       "low": 225.15,
       "close": 228.01,
       "volume_eth": 120526.74,
       "volume_usd": 28261368.63
    },
    {
       "date": "2018-09-25",
       "open": 228.01,
       "high": 228.01,
       "low": 203.38,
       "close": 219.19,
       "volume_eth": 228790.18,
       "volume_usd": 49001690.05
    },
    {
       "date": "2018-09-26",
       "open": 219.19,
       "high": 222.43,
       "low": 207.23,
       "close": 214.15,
       "volume_eth": 151742.77,
       "volume_usd": 32694715.93
    },
    {
       "date": "2018-09-27",
       "open": 214.15,
       "high": 233.5,
       "low": 210.01,
       "close": 229,
       "volume_eth": 169305.4,
       "volume_usd": 37557427.41
    },
    {
       "date": "2018-09-28",
       "open": 229,
       "high": 234.59,
       "low": 215,
       "close": 220.67,
       "volume_eth": 133434.58,
       "volume_usd": 29959187.58
    },
    {
       "date": "2018-09-29",
       "open": 220.67,
       "high": 235.35,
       "low": 214,
       "close": 231.01,
       "volume_eth": 106164.65,
       "volume_usd": 24114839.72
    },
    {
       "date": "2018-09-30",
       "open": 231.01,
       "high": 238.69,
       "low": 225.5,
       "close": 232.27,
       "volume_eth": 87843.6,
       "volume_usd": 20412907.33
    },
    {
       "date": "2018-10-01",
       "open": 232.27,
       "high": 234.92,
       "low": 223.45,
       "close": 230.4,
       "volume_eth": 83254.76,
       "volume_usd": 19074939.5
    },
    {
       "date": "2018-10-02",
       "open": 230.4,
       "high": 231.08,
       "low": 221.45,
       "close": 224.85,
       "volume_eth": 70674.6,
       "volume_usd": 16009401
    },
    {
       "date": "2018-10-03",
       "open": 224.85,
       "high": 224.9,
       "low": 214,
       "close": 219.01,
       "volume_eth": 89974.04,
       "volume_usd": 19659129.8
    },
    {
       "date": "2018-10-04",
       "open": 219.01,
       "high": 225.66,
       "low": 218.31,
       "close": 221,
       "volume_eth": 72065.01,
       "volume_usd": 16043937.75
    },
    {
       "date": "2018-10-05",
       "open": 221,
       "high": 230.34,
       "low": 218,
       "close": 226.89,
       "volume_eth": 69759.84,
       "volume_usd": 15578902.84
    },
    {
       "date": "2018-10-06",
       "open": 226.89,
       "high": 227.06,
       "low": 222.32,
       "close": 223.85,
       "volume_eth": 32081.53,
       "volume_usd": 7206007.32
    },
    {
       "date": "2018-10-07",
       "open": 223.85,
       "high": 225.95,
       "low": 220.24,
       "close": 224.82,
       "volume_eth": 30116.57,
       "volume_usd": 6716882.95
    },
    {
       "date": "2018-10-08",
       "open": 224.82,
       "high": 231.1,
       "low": 222.25,
       "close": 227.68,
       "volume_eth": 51359.77,
       "volume_usd": 11655474
    },
    {
       "date": "2018-10-09",
       "open": 227.68,
       "high": 228.45,
       "low": 225.06,
       "close": 226.15,
       "volume_eth": 41137.31,
       "volume_usd": 9319288.92
    },
    {
       "date": "2018-10-10",
       "open": 226.15,
       "high": 226.25,
       "low": 221.52,
       "close": 223.61,
       "volume_eth": 55185.13,
       "volume_usd": 12330085.76
    },
    {
       "date": "2018-10-11",
       "open": 223.61,
       "high": 223.61,
       "low": 185.06,
       "close": 188.32,
       "volume_eth": 300055.24,
       "volume_usd": 59884204.13
    },
    {
       "date": "2018-10-12",
       "open": 188.32,
       "high": 198.5,
       "low": 187.15,
       "close": 194.1,
       "volume_eth": 93135.58,
       "volume_usd": 18033661.09
    },
    {
       "date": "2018-10-13",
       "open": 194.1,
       "high": 198.37,
       "low": 193.45,
       "close": 196.72,
       "volume_eth": 39111.98,
       "volume_usd": 7699059.96
    },
    {
       "date": "2018-10-14",
       "open": 196.72,
       "high": 199.41,
       "low": 189.13,
       "close": 191.87,
       "volume_eth": 48584.96,
       "volume_usd": 9515504.79
    },
    {
       "date": "2018-10-15",
       "open": 191.87,
       "high": 220.64,
       "low": 189.96,
       "close": 204.12,
       "volume_eth": 210165.25,
       "volume_usd": 43050615.11
    },
    {
       "date": "2018-10-16",
       "open": 204.12,
       "high": 204.12,
       "low": 203.55,
       "close": 203.55,
       "volume_eth": 0,
       "volume_usd": 0
    },
    {
       "date": "2018-10-17",
       "open": 205.43,
       "high": 206.35,
       "low": 201.2,
       "close": 203.21,
       "volume_eth": 63596.33,
       "volume_usd": 12972359.61
    },
    {
       "date": "2018-10-18",
       "open": 203.21,
       "high": 205.56,
       "low": 195.15,
       "close": 199.09,
       "volume_eth": 97771.01,
       "volume_usd": 19629571.19
    },
    {
       "date": "2018-10-19",
       "open": 199.09,
       "high": 201.47,
       "low": 197.8,
       "close": 200,
       "volume_eth": 49001.63,
       "volume_usd": 9796660.3
    },
    {
       "date": "2018-10-20",
       "open": 200,
       "high": 204.66,
       "low": 199.31,
       "close": 202.69,
       "volume_eth": 70174.16,
       "volume_usd": 14204119.04
    },
    {
       "date": "2018-10-21",
       "open": 202.69,
       "high": 205.66,
       "low": 201.19,
       "close": 202.12,
       "volume_eth": 33784.89,
       "volume_usd": 6877904.11
    },
    {
       "date": "2018-10-22",
       "open": 202.12,
       "high": 203,
       "low": 198.89,
       "close": 201.25,
       "volume_eth": 42689.75,
       "volume_usd": 8583551.34
    },
    {
       "date": "2018-10-23",
       "open": 201.25,
       "high": 201.96,
       "low": 197.96,
       "close": 201.12,
       "volume_eth": 41123.28,
       "volume_usd": 8228666.67
    },
    {
       "date": "2018-10-24",
       "open": 201.12,
       "high": 202.47,
       "low": 200.38,
       "close": 200.68,
       "volume_eth": 39488.86,
       "volume_usd": 7951870.28
    },
    {
       "date": "2018-10-25",
       "open": 200.68,
       "high": 200.72,
       "low": 195.83,
       "close": 199.65,
       "volume_eth": 64306.72,
       "volume_usd": 12793549.39
    },
    {
       "date": "2018-10-26",
       "open": 199.65,
       "high": 204.35,
       "low": 198.64,
       "close": 200.7,
       "volume_eth": 47096.94,
       "volume_usd": 9457395.21
    },
    {
       "date": "2018-10-27",
       "open": 200.7,
       "high": 201.7,
       "low": 200.42,
       "close": 201.46,
       "volume_eth": 21069.78,
       "volume_usd": 4236378.08
    },
    {
       "date": "2018-10-28",
       "open": 201.46,
       "high": 202.85,
       "low": 201,
       "close": 202.43,
       "volume_eth": 21227.3,
       "volume_usd": 4282056.28
    },
    {
       "date": "2018-10-29",
       "open": 202.43,
       "high": 202.65,
       "low": 191,
       "close": 194.29,
       "volume_eth": 74935.35,
       "volume_usd": 14688606.78
    },
    {
       "date": "2018-10-30",
       "open": 194.29,
       "high": 196.41,
       "low": 192.6,
       "close": 195.35,
       "volume_eth": 57486.16,
       "volume_usd": 11160217.57
    },
    {
       "date": "2018-10-31",
       "open": 195.35,
       "high": 200,
       "low": 191.4,
       "close": 196.95,
       "volume_eth": 52805.54,
       "volume_usd": 10330143.7
    },
    {
       "date": "2018-11-01",
       "open": 196.95,
       "high": 198.63,
       "low": 196.2,
       "close": 197.96,
       "volume_eth": 34762.19,
       "volume_usd": 6845616.28
    },
    {
       "date": "2018-11-02",
       "open": 197.96,
       "high": 201.75,
       "low": 197.8,
       "close": 199.75,
       "volume_eth": 44834.4,
       "volume_usd": 8942416.64
    },
    {
       "date": "2018-11-03",
       "open": 199.75,
       "high": 200,
       "low": 197.62,
       "close": 198.35,
       "volume_eth": 26789.83,
       "volume_usd": 5326123.01
    },
    {
       "date": "2018-11-04",
       "open": 198.35,
       "high": 217.77,
       "low": 198.1,
       "close": 210.06,
       "volume_eth": 94233.47,
       "volume_usd": 19485097.05
    },
    {
       "date": "2018-11-05",
       "open": 210.06,
       "high": 211.2,
       "low": 205.53,
       "close": 208.53,
       "volume_eth": 54121.86,
       "volume_usd": 11254009.65
    },
    {
       "date": "2018-11-06",
       "open": 208.53,
       "high": 219.08,
       "low": 207.13,
       "close": 218.51,
       "volume_eth": 106033.07,
       "volume_usd": 22656135.62
    },
    {
       "date": "2018-11-07",
       "open": 218.51,
       "high": 222.78,
       "low": 215.56,
       "close": 216.84,
       "volume_eth": 68747.43,
       "volume_usd": 15038961.74
    },
    {
       "date": "2018-11-08",
       "open": 216.84,
       "high": 218.27,
       "low": 209.89,
       "close": 210.34,
       "volume_eth": 56366.05,
       "volume_usd": 12017642.12
    },
    {
       "date": "2018-11-09",
       "open": 210.34,
       "high": 212.2,
       "low": 206.2,
       "close": 208.01,
       "volume_eth": 37149.74,
       "volume_usd": 7773992.77
    },
    {
       "date": "2018-11-10",
       "open": 208.01,
       "high": 212.52,
       "low": 207.69,
       "close": 210.29,
       "volume_eth": 27620.35,
       "volume_usd": 5820169.09
    },
    {
       "date": "2018-11-11",
       "open": 210.29,
       "high": 211.17,
       "low": 206.15,
       "close": 209.88,
       "volume_eth": 21388.44,
       "volume_usd": 4467174
    },
    {
       "date": "2018-11-12",
       "open": 209.88,
       "high": 211.22,
       "low": 207,
       "close": 208.77,
       "volume_eth": 40642.44,
       "volume_usd": 8512400.46
    },
    {
       "date": "2018-11-13",
       "open": 208.77,
       "high": 208.77,
       "low": 202.76,
       "close": 203.2,
       "volume_eth": 60479.88,
       "volume_usd": 12435529.16
    },
    {
       "date": "2018-11-14",
       "open": 203.2,
       "high": 204.9,
       "low": 165.2,
       "close": 177.79,
       "volume_eth": 317936.66,
       "volume_usd": 57463246.06
    },
    {
       "date": "2018-11-15",
       "open": 177.79,
       "high": 181,
       "low": 165.33,
       "close": 178.89,
       "volume_eth": 227631.77,
       "volume_usd": 39661857.78
    },
    {
       "date": "2018-11-16",
       "open": 178.89,
       "high": 179.76,
       "low": 169.22,
       "close": 172.4,
       "volume_eth": 114804.43,
       "volume_usd": 20123632.7
    },
    {
       "date": "2018-11-17",
       "open": 172.4,
       "high": 174.41,
       "low": 170.34,
       "close": 172.48,
       "volume_eth": 53893.26,
       "volume_usd": 9278889.81
    },
    {
       "date": "2018-11-18",
       "open": 172.48,
       "high": 180.2,
       "low": 172.15,
       "close": 175.87,
       "volume_eth": 61977.75,
       "volume_usd": 10840739.26
    },
    {
       "date": "2018-11-19",
       "open": 175.87,
       "high": 175.92,
       "low": 142,
       "close": 145.21,
       "volume_eth": 388441.04,
       "volume_usd": 60045181.12
    },
    {
       "date": "2018-11-20",
       "open": 145.21,
       "high": 149.5,
       "low": 121.5,
       "close": 127.55,
       "volume_eth": 723824.51,
       "volume_usd": 96545174.58
    },
    {
       "date": "2018-11-21",
       "open": 127.55,
       "high": 137.5,
       "low": 122.65,
       "close": 134.73,
       "volume_eth": 336247.27,
       "volume_usd": 44231315.11
    },
    {
       "date": "2018-11-22",
       "open": 134.73,
       "high": 136.71,
       "low": 122.54,
       "close": 123.2,
       "volume_eth": 142401.29,
       "volume_usd": 18503842.12
    },
    {
       "date": "2018-11-23",
       "open": 123.2,
       "high": 125.15,
       "low": 116.24,
       "close": 121.44,
       "volume_eth": 262958.13,
       "volume_usd": 31759820.18
    },
    {
       "date": "2018-11-24",
       "open": 121.44,
       "high": 125.89,
       "low": 106.25,
       "close": 110.08,
       "volume_eth": 198511.79,
       "volume_usd": 22885133.6
    },
    {
       "date": "2018-11-25",
       "open": 110.08,
       "high": 118.83,
       "low": 98.2,
       "close": 114.3,
       "volume_eth": 442893.75,
       "volume_usd": 47773306.52
    },
    {
       "date": "2018-11-26",
       "open": 114.3,
       "high": 116.88,
       "low": 102.26,
       "close": 106.95,
       "volume_eth": 317813.17,
       "volume_usd": 34537059.55
    },
    {
       "date": "2018-11-27",
       "open": 106.95,
       "high": 111.6,
       "low": 99.26,
       "close": 108.58,
       "volume_eth": 248821.17,
       "volume_usd": 26129747.44
    },
    {
       "date": "2018-11-28",
       "open": 108.58,
       "high": 126.45,
       "low": 108.58,
       "close": 121.95,
       "volume_eth": 322073.34,
       "volume_usd": 37766755.93
    },
    {
       "date": "2018-11-29",
       "open": 121.95,
       "high": 123.05,
       "low": 113,
       "close": 116.38,
       "volume_eth": 202022.16,
       "volume_usd": 23856794.41
    },
    {
       "date": "2018-11-30",
       "open": 116.38,
       "high": 119,
       "low": 109.24,
       "close": 111.88,
       "volume_eth": 125121.54,
       "volume_usd": 14224707.51
    },
    {
       "date": "2018-12-01",
       "open": 111.65,
       "high": 119.48,
       "low": 110,
       "close": 116.82,
       "volume_eth": 117391.82,
       "volume_usd": 13590283.29
    },
    {
       "date": "2018-12-02",
       "open": 116.82,
       "high": 119.45,
       "low": 114.06,
       "close": 114.76,
       "volume_eth": 73100.41,
       "volume_usd": 8466635.57
    },
    {
       "date": "2018-12-03",
       "open": 114.76,
       "high": 115.12,
       "low": 104.74,
       "close": 107.21,
       "volume_eth": 135846.71,
       "volume_usd": 14857431.87
    },
    {
       "date": "2018-12-04",
       "open": 107.21,
       "high": 112,
       "low": 104.78,
       "close": 108.61,
       "volume_eth": 109739.36,
       "volume_usd": 11932934.91
    },
    {
       "date": "2018-12-05",
       "open": 108.61,
       "high": 109.37,
       "low": 99.5,
       "close": 100.71,
       "volume_eth": 164822.22,
       "volume_usd": 17146191.6
    },
    {
       "date": "2018-12-06",
       "open": 100.71,
       "high": 102.85,
       "low": 88.92,
       "close": 89.25,
       "volume_eth": 329789.66,
       "volume_usd": 31842802.29
    },
    {
       "date": "2018-12-07",
       "open": 89.25,
       "high": 96.86,
       "low": 81.02,
       "close": 92.45,
       "volume_eth": 527140.88,
       "volume_usd": 45968256.23
    },
    {
       "date": "2018-12-08",
       "open": 92.45,
       "high": 97.52,
       "low": 84,
       "close": 89.99,
       "volume_eth": 242134.08,
       "volume_usd": 21850090.46
    },
    {
       "date": "2018-12-09",
       "open": 89.99,
       "high": 98.3,
       "low": 88.15,
       "close": 92.79,
       "volume_eth": 180006.45,
       "volume_usd": 16912462.25
    },
    {
       "date": "2018-12-10",
       "open": 92.79,
       "high": 94.62,
       "low": 87.42,
       "close": 89.23,
       "volume_eth": 131111.42,
       "volume_usd": 11844457.46
    },
    {
       "date": "2018-12-11",
       "open": 89.23,
       "high": 91.03,
       "low": 85.15,
       "close": 87.23,
       "volume_eth": 118680.85,
       "volume_usd": 10390552.39
    },
    {
       "date": "2018-12-12",
       "open": 86.96,
       "high": 91,
       "low": 86.06,
       "close": 89.09,
       "volume_eth": 113468,
       "volume_usd": 10103816.2
    },
    {
       "date": "2018-12-13",
       "open": 89.09,
       "high": 90.25,
       "low": 83.48,
       "close": 85.35,
       "volume_eth": 141927.72,
       "volume_usd": 12333682.97
    },
    {
       "date": "2018-12-14",
       "open": 85.35,
       "high": 85.98,
       "low": 80.6,
       "close": 83,
       "volume_eth": 150409.09,
       "volume_usd": 12594001.05
    },
    {
       "date": "2018-12-15",
       "open": 83,
       "high": 84.29,
       "low": 81,
       "close": 83.03,
       "volume_eth": 108147.49,
       "volume_usd": 8932391.48
    },
    {
       "date": "2018-12-16",
       "open": 83.03,
       "high": 86.72,
       "low": 82.82,
       "close": 83.74,
       "volume_eth": 93043.85,
       "volume_usd": 7933834.73
    },
    {
       "date": "2018-12-17",
       "open": 83.74,
       "high": 96.74,
       "low": 83.51,
       "close": 93.79,
       "volume_eth": 250785.23,
       "volume_usd": 22906704.11
    },
    {
       "date": "2018-12-18",
       "open": 93.79,
       "high": 101.5,
       "low": 91.55,
       "close": 101,
       "volume_eth": 193888.56,
       "volume_usd": 18366822.86
    },
    {
       "date": "2018-12-19",
       "open": 101,
       "high": 107.88,
       "low": 98.16,
       "close": 99.34,
       "volume_eth": 350590.97,
       "volume_usd": 36140501.3
    },
    {
       "date": "2018-12-20",
       "open": 99.34,
       "high": 119,
       "low": 98.5,
       "close": 114.6,
       "volume_eth": 329214.9,
       "volume_usd": 36343401.07
    },
    {
       "date": "2018-12-21",
       "open": 114.6,
       "high": 120,
       "low": 105.3,
       "close": 107.74,
       "volume_eth": 240327.62,
       "volume_usd": 27081502.1
    },
    {
       "date": "2018-12-22",
       "open": 107.74,
       "high": 116.3,
       "low": 105.5,
       "close": 116.09,
       "volume_eth": 118020.32,
       "volume_usd": 13084739
    },
    {
       "date": "2018-12-23",
       "open": 116.09,
       "high": 133,
       "low": 116.01,
       "close": 129.61,
       "volume_eth": 325889.19,
       "volume_usd": 41373109.44
    },
    {
       "date": "2018-12-24",
       "open": 129.61,
       "high": 159.51,
       "low": 129.53,
       "close": 139.03,
       "volume_eth": 597537.44,
       "volume_usd": 86341703
    },
    {
       "date": "2018-12-25",
       "open": 139.03,
       "high": 140.26,
       "low": 122.15,
       "close": 128.82,
       "volume_eth": 359477.67,
       "volume_usd": 46035575.68
    },
    {
       "date": "2018-12-26",
       "open": 128.82,
       "high": 136.72,
       "low": 123.54,
       "close": 130.47,
       "volume_eth": 203861.96,
       "volume_usd": 26514226.86
    },
    {
       "date": "2018-12-27",
       "open": 130.47,
       "high": 131.78,
       "low": 112.26,
       "close": 114.63,
       "volume_eth": 258639.35,
       "volume_usd": 31008710.67
    },
    {
       "date": "2018-12-28",
       "open": 114.63,
       "high": 138.58,
       "low": 113.31,
       "close": 136.82,
       "volume_eth": 326758.17,
       "volume_usd": 41814965.21
    },
    {
       "date": "2018-12-29",
       "open": 136.82,
       "high": 147.3,
       "low": 131.72,
       "close": 134.15,
       "volume_eth": 254462.14,
       "volume_usd": 35179842.41
    },
    {
       "date": "2018-12-30",
       "open": 134.15,
       "high": 140.64,
       "low": 128.3,
       "close": 138.78,
       "volume_eth": 205485.32,
       "volume_usd": 27888935.27
    },
    {
       "date": "2018-12-31",
       "open": 138.78,
       "high": 138.9,
       "low": 128.5,
       "close": 130.53,
       "volume_eth": 165355.78,
       "volume_usd": 22097680.63
    }
  ]