[
  {
     "date": "2018-01-01",
     "open": 196.85,
     "high": 200.5,
     "low": 186.15,
     "close": 189.01,
     "volume_ltc": 15010.83,
     "volume_eur": 2889247.98
  },
  {
     "date": "2018-01-02",
     "open": 189.01,
     "high": 219.5,
     "low": 188.62,
     "close": 210,
     "volume_ltc": 36897.21,
     "volume_eur": 7657323.37
  },
  {
     "date": "2018-01-03",
     "open": 210,
     "high": 214.25,
     "low": 202.5,
     "close": 203,
     "volume_ltc": 24679.39,
     "volume_eur": 5115118.97
  },
  {
     "date": "2018-01-04",
     "open": 203,
     "high": 205.8,
     "low": 187.52,
     "close": 201,
     "volume_ltc": 38537.05,
     "volume_eur": 7584915.21
  },
  {
     "date": "2018-01-05",
     "open": 201,
     "high": 209.9,
     "low": 197.21,
     "close": 204.03,
     "volume_ltc": 34535,
     "volume_eur": 7075888.78
  },
  {
     "date": "2018-01-06",
     "open": 204.03,
     "high": 255.5,
     "low": 204.03,
     "close": 233.22,
     "volume_ltc": 59196.01,
     "volume_eur": 14016999.7
  },
  {
     "date": "2018-01-07",
     "open": 233.22,
     "high": 238.53,
     "low": 218.16,
     "close": 222,
     "volume_ltc": 27910.58,
     "volume_eur": 6352220.95
  },
  {
     "date": "2018-01-08",
     "open": 222,
     "high": 223.04,
     "low": 202,
     "close": 214.73,
     "volume_ltc": 36152.24,
     "volume_eur": 7705480.18
  },
  {
     "date": "2018-01-09",
     "open": 214.73,
     "high": 218.97,
     "low": 202.3,
     "close": 206.69,
     "volume_ltc": 29326.06,
     "volume_eur": 6163551.54
  },
  {
     "date": "2018-01-10",
     "open": 206.69,
     "high": 215.9,
     "low": 195,
     "close": 207.22,
     "volume_ltc": 39149.47,
     "volume_eur": 7935780.08
  },
  {
     "date": "2018-01-11",
     "open": 207.22,
     "high": 209.99,
     "low": 187.54,
     "close": 193.15,
     "volume_ltc": 6581.53,
     "volume_eur": 1292532.47
  },
  {
     "date": "2018-01-12",
     "open": 193.15,
     "high": 193.15,
     "low": 193.15,
     "close": 193.15,
     "volume_ltc": 0,
     "volume_eur": 0
  },
  {
     "date": "2018-01-13",
     "open": 193.15,
     "high": 193.15,
     "low": 193.15,
     "close": 193.15,
     "volume_ltc": 0,
     "volume_eur": 0
  },
  {
     "date": "2018-01-14",
     "open": 214.13,
     "high": 229.89,
     "low": 194,
     "close": 196.81,
     "volume_ltc": 36657.7,
     "volume_eur": 7442458.1
  },
  {
     "date": "2018-01-15",
     "open": 196.81,
     "high": 203.51,
     "low": 190,
     "close": 190.5,
     "volume_ltc": 33699.84,
     "volume_eur": 6649404.6
  },
  {
     "date": "2018-01-16",
     "open": 190.5,
     "high": 190.71,
     "low": 121.65,
     "close": 155,
     "volume_ltc": 110485.53,
     "volume_eur": 17934927.34
  },
  {
     "date": "2018-01-17",
     "open": 155,
     "high": 167.09,
     "low": 111.01,
     "close": 154.63,
     "volume_ltc": 102588.54,
     "volume_eur": 14444343.69
  },
  {
     "date": "2018-01-18",
     "open": 154.63,
     "high": 174,
     "low": 145.61,
     "close": 160.18,
     "volume_ltc": 87542.43,
     "volume_eur": 14088511.22
  },
  {
     "date": "2018-01-19",
     "open": 160.18,
     "high": 169.31,
     "low": 154.98,
     "close": 160.51,
     "volume_ltc": 42344.37,
     "volume_eur": 6854178.84
  },
  {
     "date": "2018-01-20",
     "open": 160.51,
     "high": 177.23,
     "low": 160.48,
     "close": 173.8,
     "volume_ltc": 53616.14,
     "volume_eur": 9110846.37
  },
  {
     "date": "2018-01-21",
     "open": 173.8,
     "high": 173.8,
     "low": 151.5,
     "close": 157.97,
     "volume_ltc": 39293.06,
     "volume_eur": 6285064.14
  },
  {
     "date": "2018-01-22",
     "open": 157.97,
     "high": 161.92,
     "low": 134.11,
     "close": 147.42,
     "volume_ltc": 44275.17,
     "volume_eur": 6570142.57
  },
  {
     "date": "2018-01-23",
     "open": 147.42,
     "high": 153,
     "low": 134.2,
     "close": 144.51,
     "volume_ltc": 38215.86,
     "volume_eur": 5516781.76
  },
  {
     "date": "2018-01-24",
     "open": 144.51,
     "high": 151.07,
     "low": 140.31,
     "close": 146.5,
     "volume_ltc": 28865.06,
     "volume_eur": 4205752.69
  },
  {
     "date": "2018-01-25",
     "open": 146.5,
     "high": 149.9,
     "low": 142.18,
     "close": 145.06,
     "volume_ltc": 19078.92,
     "volume_eur": 2785956.94
  },
  {
     "date": "2018-01-26",
     "open": 145.06,
     "high": 147,
     "low": 134.7,
     "close": 141.93,
     "volume_ltc": 26442.42,
     "volume_eur": 3715621.23
  },
  {
     "date": "2018-01-27",
     "open": 141.93,
     "high": 147.99,
     "low": 140.07,
     "close": 145.5,
     "volume_ltc": 17665.59,
     "volume_eur": 2554513.43
  },
  {
     "date": "2018-01-28",
     "open": 145.5,
     "high": 156.22,
     "low": 145.05,
     "close": 155.01,
     "volume_ltc": 23003.26,
     "volume_eur": 3469402.37
  },
  {
     "date": "2018-01-29",
     "open": 155.01,
     "high": 155.54,
     "low": 144,
     "close": 146.22,
     "volume_ltc": 18246.91,
     "volume_eur": 2689653.71
  },
  {
     "date": "2018-01-30",
     "open": 146.22,
     "high": 146.35,
     "low": 129.02,
     "close": 132.52,
     "volume_ltc": 36494.92,
     "volume_eur": 4988801.03
  },
  {
     "date": "2018-01-31",
     "open": 132.52,
     "high": 133.85,
     "low": 125,
     "close": 130.41,
     "volume_ltc": 33597.51,
     "volume_eur": 4354737.06
  },
  {
     "date": "2018-02-01",
     "open": 130.41,
     "high": 132,
     "low": 101.46,
     "close": 111.99,
     "volume_ltc": 49735.15,
     "volume_eur": 5761516.38
  },
  {
     "date": "2018-02-02",
     "open": 111.99,
     "high": 113.98,
     "low": 81.01,
     "close": 105.32,
     "volume_ltc": 98380.97,
     "volume_eur": 9649344.99
  },
  {
     "date": "2018-02-03",
     "open": 105.32,
     "high": 133.89,
     "low": 96.09,
     "close": 131,
     "volume_ltc": 76602.04,
     "volume_eur": 9226719.79
  },
  {
     "date": "2018-02-04",
     "open": 131,
     "high": 140.5,
     "low": 108.17,
     "close": 117.7,
     "volume_ltc": 105995.92,
     "volume_eur": 13168538.07
  },
  {
     "date": "2018-02-05",
     "open": 117.7,
     "high": 123.48,
     "low": 92.47,
     "close": 98.52,
     "volume_ltc": 129527.83,
     "volume_eur": 13663664.44
  },
  {
     "date": "2018-02-06",
     "open": 98.52,
     "high": 120,
     "low": 83.31,
     "close": 114.22,
     "volume_ltc": 158413.78,
     "volume_eur": 15900462.21
  },
  {
     "date": "2018-02-07",
     "open": 114.22,
     "high": 130,
     "low": 105.66,
     "close": 111.6,
     "volume_ltc": 88361.84,
     "volume_eur": 10663462.03
  },
  {
     "date": "2018-02-08",
     "open": 111.6,
     "high": 124.26,
     "low": 111.6,
     "close": 123.31,
     "volume_ltc": 35197.9,
     "volume_eur": 4207360.76
  },
  {
     "date": "2018-02-09",
     "open": 123.31,
     "high": 134,
     "low": 116.06,
     "close": 133.89,
     "volume_ltc": 44795.69,
     "volume_eur": 5638451.55
  },
  {
     "date": "2018-02-10",
     "open": 133.89,
     "high": 138.9,
     "low": 121.1,
     "close": 127.2,
     "volume_ltc": 42384.32,
     "volume_eur": 5543619.35
  },
  {
     "date": "2018-02-11",
     "open": 127.2,
     "high": 127.8,
     "low": 115.44,
     "close": 121.52,
     "volume_ltc": 22340.52,
     "volume_eur": 2725956.64
  },
  {
     "date": "2018-02-12",
     "open": 121.52,
     "high": 133.13,
     "low": 121.52,
     "close": 131.6,
     "volume_ltc": 25769.69,
     "volume_eur": 3331661.36
  },
  {
     "date": "2018-02-13",
     "open": 131.6,
     "high": 132.05,
     "low": 124.22,
     "close": 129,
     "volume_ltc": 17405.9,
     "volume_eur": 2224578.19
  },
  {
     "date": "2018-02-14",
     "open": 129,
     "high": 179,
     "low": 128.99,
     "close": 170.96,
     "volume_ltc": 122476.64,
     "volume_eur": 19569464.22
  },
  {
     "date": "2018-02-15",
     "open": 170.96,
     "high": 191.71,
     "low": 166.67,
     "close": 178.6,
     "volume_ltc": 90310.44,
     "volume_eur": 16201140.06
  },
  {
     "date": "2018-02-16",
     "open": 178.6,
     "high": 189.45,
     "low": 168.69,
     "close": 184.3,
     "volume_ltc": 55794.37,
     "volume_eur": 9971875.62
  },
  {
     "date": "2018-02-17",
     "open": 184.3,
     "high": 187.49,
     "low": 181.02,
     "close": 185.87,
     "volume_ltc": 20385.65,
     "volume_eur": 3758733.69
  },
  {
     "date": "2018-02-18",
     "open": 185.87,
     "high": 188,
     "low": 171.52,
     "close": 173.03,
     "volume_ltc": 35623.94,
     "volume_eur": 6409766.95
  },
  {
     "date": "2018-02-19",
     "open": 173.03,
     "high": 183,
     "low": 173.02,
     "close": 179.11,
     "volume_ltc": 15749.09,
     "volume_eur": 2833829.58
  },
  {
     "date": "2018-02-20",
     "open": 179.11,
     "high": 203.79,
     "low": 178.59,
     "close": 185.92,
     "volume_ltc": 65239.02,
     "volume_eur": 12734584.92
  },
  {
     "date": "2018-02-21",
     "open": 185.92,
     "high": 188.57,
     "low": 149,
     "close": 171.01,
     "volume_ltc": 66100.73,
     "volume_eur": 11558110.59
  },
  {
     "date": "2018-02-22",
     "open": 171.01,
     "high": 181.09,
     "low": 152.63,
     "close": 157.02,
     "volume_ltc": 43660.98,
     "volume_eur": 7126154.29
  },
  {
     "date": "2018-02-23",
     "open": 157.02,
     "high": 175.61,
     "low": 147.5,
     "close": 168.42,
     "volume_ltc": 50043,
     "volume_eur": 8252054.53
  },
  {
     "date": "2018-02-24",
     "open": 168.42,
     "high": 179,
     "low": 158.33,
     "close": 168.13,
     "volume_ltc": 38122.84,
     "volume_eur": 6369689.83
  },
  {
     "date": "2018-02-25",
     "open": 168.13,
     "high": 182.08,
     "low": 162.7,
     "close": 177.47,
     "volume_ltc": 38653.03,
     "volume_eur": 6661183.91
  },
  {
     "date": "2018-02-26",
     "open": 177.47,
     "high": 189.23,
     "low": 174.36,
     "close": 177.08,
     "volume_ltc": 53439.61,
     "volume_eur": 9693262.09
  },
  {
     "date": "2018-02-27",
     "open": 177.08,
     "high": 181.31,
     "low": 172.75,
     "close": 175.1,
     "volume_ltc": 19963.81,
     "volume_eur": 3537385.8
  },
  {
     "date": "2018-02-28",
     "open": 175.1,
     "high": 182.5,
     "low": 165,
     "close": 165.17,
     "volume_ltc": 24123.47,
     "volume_eur": 4159509.01
  },
  {
     "date": "2018-03-01",
     "open": 165.17,
     "high": 175.99,
     "low": 162.87,
     "close": 169.98,
     "volume_ltc": 18439.12,
     "volume_eur": 3144689.55
  },
  {
     "date": "2018-03-02",
     "open": 169.98,
     "high": 173.78,
     "low": 165.59,
     "close": 172.64,
     "volume_ltc": 14810.19,
     "volume_eur": 2499017.43
  },
  {
     "date": "2018-03-03",
     "open": 172.64,
     "high": 176.5,
     "low": 168,
     "close": 169.39,
     "volume_ltc": 13043.12,
     "volume_eur": 2253480.55
  },
  {
     "date": "2018-03-04",
     "open": 169.39,
     "high": 174.73,
     "low": 166,
     "close": 172.7,
     "volume_ltc": 11767.36,
     "volume_eur": 1994733.05
  },
  {
     "date": "2018-03-05",
     "open": 172.7,
     "high": 174.99,
     "low": 169.09,
     "close": 170.12,
     "volume_ltc": 15251.33,
     "volume_eur": 2625027.1
  },
  {
     "date": "2018-03-06",
     "open": 170.12,
     "high": 170.12,
     "low": 154.1,
     "close": 157.79,
     "volume_ltc": 25712.35,
     "volume_eur": 4162474.53
  },
  {
     "date": "2018-03-07",
     "open": 157.79,
     "high": 160.81,
     "low": 141,
     "close": 150.4,
     "volume_ltc": 34661.88,
     "volume_eur": 5185654.67
  },
  {
     "date": "2018-03-08",
     "open": 150.4,
     "high": 152.82,
     "low": 141,
     "close": 142.37,
     "volume_ltc": 27222.95,
     "volume_eur": 4007693.54
  },
  {
     "date": "2018-03-09",
     "open": 142.37,
     "high": 154.74,
     "low": 129.44,
     "close": 151.42,
     "volume_ltc": 60785.92,
     "volume_eur": 8548822.91
  },
  {
     "date": "2018-03-10",
     "open": 151.42,
     "high": 158.76,
     "low": 142.64,
     "close": 143.99,
     "volume_ltc": 21828.3,
     "volume_eur": 3306412.02
  },
  {
     "date": "2018-03-11",
     "open": 143.99,
     "high": 157,
     "low": 138.33,
     "close": 153.24,
     "volume_ltc": 23868.12,
     "volume_eur": 3582339.46
  },
  {
     "date": "2018-03-12",
     "open": 153.24,
     "high": 157.6,
     "low": 141.22,
     "close": 144.1,
     "volume_ltc": 24626.01,
     "volume_eur": 3677409.4
  },
  {
     "date": "2018-03-13",
     "open": 144.1,
     "high": 147.51,
     "low": 139.1,
     "close": 141.97,
     "volume_ltc": 18751.42,
     "volume_eur": 2668127.85
  },
  {
     "date": "2018-03-14",
     "open": 141.97,
     "high": 143.67,
     "low": 126.74,
     "close": 129.5,
     "volume_ltc": 29019.15,
     "volume_eur": 3867833.26
  },
  {
     "date": "2018-03-15",
     "open": 129.5,
     "high": 136.65,
     "low": 122,
     "close": 133.81,
     "volume_ltc": 42606.97,
     "volume_eur": 5582601.92
  },
  {
     "date": "2018-03-16",
     "open": 133.81,
     "high": 140,
     "low": 129.02,
     "close": 134.65,
     "volume_ltc": 25038.99,
     "volume_eur": 3352521.93
  },
  {
     "date": "2018-03-17",
     "open": 134.65,
     "high": 134.65,
     "low": 122.1,
     "close": 123.93,
     "volume_ltc": 28060.78,
     "volume_eur": 3595886.44
  },
  {
     "date": "2018-03-18",
     "open": 123.93,
     "high": 127.9,
     "low": 111.15,
     "close": 125.22,
     "volume_ltc": 57778.91,
     "volume_eur": 6832275.68
  },
  {
     "date": "2018-03-19",
     "open": 125.22,
     "high": 133.4,
     "low": 123,
     "close": 130.81,
     "volume_ltc": 27758.85,
     "volume_eur": 3549891.64
  },
  {
     "date": "2018-03-20",
     "open": 130.81,
     "high": 142.77,
     "low": 126.36,
     "close": 138.24,
     "volume_ltc": 24162.03,
     "volume_eur": 3267535.74
  },
  {
     "date": "2018-03-21",
     "open": 138.24,
     "high": 143.32,
     "low": 134.35,
     "close": 136.9,
     "volume_ltc": 18957.78,
     "volume_eur": 2636748.08
  },
  {
     "date": "2018-03-22",
     "open": 136.9,
     "high": 139.49,
     "low": 130.21,
     "close": 132.77,
     "volume_ltc": 11123.15,
     "volume_eur": 1488869.41
  },
  {
     "date": "2018-03-23",
     "open": 132.77,
     "high": 137.14,
     "low": 127.16,
     "close": 137.14,
     "volume_ltc": 13243.53,
     "volume_eur": 1722123.9
  },
  {
     "date": "2018-03-24",
     "open": 137.14,
     "high": 137.97,
     "low": 128.42,
     "close": 128.68,
     "volume_ltc": 10152.1,
     "volume_eur": 1353938.13
  },
  {
     "date": "2018-03-25",
     "open": 128.68,
     "high": 132.41,
     "low": 128,
     "close": 129.95,
     "volume_ltc": 7975.37,
     "volume_eur": 1039841.65
  },
  {
     "date": "2018-03-26",
     "open": 129.95,
     "high": 130.63,
     "low": 114.46,
     "close": 119.1,
     "volume_ltc": 39310.39,
     "volume_eur": 4747088.37
  },
  {
     "date": "2018-03-27",
     "open": 119.1,
     "high": 119.98,
     "low": 109.12,
     "close": 109.36,
     "volume_ltc": 28587.21,
     "volume_eur": 3245666.11
  },
  {
     "date": "2018-03-28",
     "open": 109.36,
     "high": 115,
     "low": 106,
     "close": 106.69,
     "volume_ltc": 25589.86,
     "volume_eur": 2802432.88
  },
  {
     "date": "2018-03-29",
     "open": 106.69,
     "high": 107.31,
     "low": 90.81,
     "close": 93,
     "volume_ltc": 60258.16,
     "volume_eur": 5850813.25
  },
  {
     "date": "2018-03-30",
     "open": 93,
     "high": 102.99,
     "low": 88.9,
     "close": 95.74,
     "volume_ltc": 44233.43,
     "volume_eur": 4213935.06
  },
  {
     "date": "2018-03-31",
     "open": 95.74,
     "high": 100.63,
     "low": 93.36,
     "close": 94.3,
     "volume_ltc": 19146.56,
     "volume_eur": 1858090.87
  },
  {
     "date": "2018-04-01",
     "open": 94.3,
     "high": 95.5,
     "low": 88.82,
     "close": 92.57,
     "volume_ltc": 28665.5,
     "volume_eur": 2636192.67
  },
  {
     "date": "2018-04-02",
     "open": 92.57,
     "high": 98.59,
     "low": 92.42,
     "close": 96.69,
     "volume_ltc": 24323.58,
     "volume_eur": 2348751
  },
  {
     "date": "2018-04-03",
     "open": 96.69,
     "high": 112.62,
     "low": 96.2,
     "close": 109.36,
     "volume_ltc": 37731.57,
     "volume_eur": 3958408.72
  },
  {
     "date": "2018-04-04",
     "open": 109.36,
     "high": 109.81,
     "low": 94.04,
     "close": 96.4,
     "volume_ltc": 36476.07,
     "volume_eur": 3626630.82
  },
  {
     "date": "2018-04-05",
     "open": 96.4,
     "high": 100.2,
     "low": 92.76,
     "close": 96.83,
     "volume_ltc": 22659.78,
     "volume_eur": 2191726.04
  },
  {
     "date": "2018-04-06",
     "open": 96.83,
     "high": 98,
     "low": 91.51,
     "close": 91.97,
     "volume_ltc": 21969.95,
     "volume_eur": 2044767.64
  },
  {
     "date": "2018-04-07",
     "open": 91.97,
     "high": 97.18,
     "low": 91.97,
     "close": 94.46,
     "volume_ltc": 14000.43,
     "volume_eur": 1339036.97
  },
  {
     "date": "2018-04-08",
     "open": 94.46,
     "high": 96.86,
     "low": 93.9,
     "close": 96.08,
     "volume_ltc": 11815.56,
     "volume_eur": 1124994.56
  },
  {
     "date": "2018-04-09",
     "open": 96.08,
     "high": 99.8,
     "low": 91.6,
     "close": 93.31,
     "volume_ltc": 20366.92,
     "volume_eur": 1933868.53
  },
  {
     "date": "2018-04-10",
     "open": 93.31,
     "high": 93.79,
     "low": 90.59,
     "close": 92.32,
     "volume_ltc": 8376.84,
     "volume_eur": 772328.51
  },
  {
     "date": "2018-04-11",
     "open": 92.32,
     "high": 97.31,
     "low": 91.47,
     "close": 95.16,
     "volume_ltc": 13127.03,
     "volume_eur": 1228819.12
  },
  {
     "date": "2018-04-12",
     "open": 95.16,
     "high": 106,
     "low": 91.51,
     "close": 105.21,
     "volume_ltc": 41427.98,
     "volume_eur": 4092590.48
  },
  {
     "date": "2018-04-13",
     "open": 105.21,
     "high": 108.63,
     "low": 100.67,
     "close": 101.9,
     "volume_ltc": 46231.62,
     "volume_eur": 4861022.29
  },
  {
     "date": "2018-04-14",
     "open": 101.9,
     "high": 105.5,
     "low": 101.01,
     "close": 102.86,
     "volume_ltc": 11343.44,
     "volume_eur": 1172044.38
  },
  {
     "date": "2018-04-15",
     "open": 102.86,
     "high": 108.31,
     "low": 102.86,
     "close": 107.42,
     "volume_ltc": 19817.64,
     "volume_eur": 2101644.62
  },
  {
     "date": "2018-04-16",
     "open": 107.42,
     "high": 107.96,
     "low": 101.07,
     "close": 103.92,
     "volume_ltc": 20781.18,
     "volume_eur": 2147085.2
  },
  {
     "date": "2018-04-17",
     "open": 103.92,
     "high": 113.36,
     "low": 103.92,
     "close": 107.1,
     "volume_ltc": 38612.6,
     "volume_eur": 4231113.68
  },
  {
     "date": "2018-04-18",
     "open": 107.1,
     "high": 115.11,
     "low": 106.46,
     "close": 113.5,
     "volume_ltc": 20831.44,
     "volume_eur": 2321809.11
  },
  {
     "date": "2018-04-19",
     "open": 113.5,
     "high": 119.75,
     "low": 112.41,
     "close": 118.52,
     "volume_ltc": 18755.13,
     "volume_eur": 2187473.21
  },
  {
     "date": "2018-04-20",
     "open": 118.52,
     "high": 127.51,
     "low": 116.23,
     "close": 127,
     "volume_ltc": 31930.1,
     "volume_eur": 3895065.78
  },
  {
     "date": "2018-04-21",
     "open": 127,
     "high": 128,
     "low": 114.41,
     "close": 120.99,
     "volume_ltc": 33891.84,
     "volume_eur": 4090773.24
  },
  {
     "date": "2018-04-22",
     "open": 120.99,
     "high": 125,
     "low": 118,
     "close": 119.3,
     "volume_ltc": 15423.68,
     "volume_eur": 1881413.07
  },
  {
     "date": "2018-04-23",
     "open": 119.3,
     "high": 125.04,
     "low": 119.3,
     "close": 124.56,
     "volume_ltc": 14591.97,
     "volume_eur": 1799212.7
  },
  {
     "date": "2018-04-24",
     "open": 124.56,
     "high": 136.12,
     "low": 124.56,
     "close": 135.22,
     "volume_ltc": 31018.85,
     "volume_eur": 4109007.24
  },
  {
     "date": "2018-04-25",
     "open": 135.22,
     "high": 135.22,
     "low": 116.42,
     "close": 118.8,
     "volume_ltc": 52440.34,
     "volume_eur": 6416051.85
  },
  {
     "date": "2018-04-26",
     "open": 118.8,
     "high": 127.4,
     "low": 116.5,
     "close": 126.78,
     "volume_ltc": 14475.92,
     "volume_eur": 1750711.94
  },
  {
     "date": "2018-04-27",
     "open": 126.78,
     "high": 127.19,
     "low": 119.39,
     "close": 120.53,
     "volume_ltc": 17165.18,
     "volume_eur": 2126330.01
  },
  {
     "date": "2018-04-28",
     "open": 120.53,
     "high": 126.49,
     "low": 119.71,
     "close": 125.3,
     "volume_ltc": 12188.48,
     "volume_eur": 1513940.84
  },
  {
     "date": "2018-04-29",
     "open": 125.3,
     "high": 128.46,
     "low": 122.5,
     "close": 126.9,
     "volume_ltc": 11298.29,
     "volume_eur": 1417858.48
  },
  {
     "date": "2018-04-30",
     "open": 126.9,
     "high": 127.22,
     "low": 121.88,
     "close": 122.49,
     "volume_ltc": 14332.41,
     "volume_eur": 1781824.23
  },
  {
     "date": "2018-05-01",
     "open": 122.49,
     "high": 123.73,
     "low": 118.75,
     "close": 123.35,
     "volume_ltc": 9850.35,
     "volume_eur": 1188960.2
  },
  {
     "date": "2018-05-02",
     "open": 123.35,
     "high": 128.48,
     "low": 121.46,
     "close": 126.39,
     "volume_ltc": 12405.08,
     "volume_eur": 1546950.01
  },
  {
     "date": "2018-05-03",
     "open": 126.39,
     "high": 137,
     "low": 125.22,
     "close": 134,
     "volume_ltc": 33680.54,
     "volume_eur": 4453015.6
  },
  {
     "date": "2018-05-04",
     "open": 134,
     "high": 142.97,
     "low": 131,
     "close": 141.19,
     "volume_ltc": 26289.28,
     "volume_eur": 3587820.58
  },
  {
     "date": "2018-05-05",
     "open": 141.19,
     "high": 152.55,
     "low": 140.12,
     "close": 148.9,
     "volume_ltc": 34752.05,
     "volume_eur": 5101979.14
  },
  {
     "date": "2018-05-06",
     "open": 148.9,
     "high": 152.99,
     "low": 137.6,
     "close": 142.9,
     "volume_ltc": 24140.21,
     "volume_eur": 3462628.45
  },
  {
     "date": "2018-05-07",
     "open": 142.9,
     "high": 143.34,
     "low": 131.67,
     "close": 138.2,
     "volume_ltc": 29485.9,
     "volume_eur": 4013320.98
  },
  {
     "date": "2018-05-08",
     "open": 138.2,
     "high": 141,
     "low": 132.51,
     "close": 134,
     "volume_ltc": 11775.8,
     "volume_eur": 1600365.39
  },
  {
     "date": "2018-05-09",
     "open": 134,
     "high": 135.19,
     "low": 127.28,
     "close": 131.91,
     "volume_ltc": 16408.58,
     "volume_eur": 2151385.62
  },
  {
     "date": "2018-05-10",
     "open": 131.91,
     "high": 135.19,
     "low": 123.83,
     "close": 124.42,
     "volume_ltc": 14083.63,
     "volume_eur": 1818923.08
  },
  {
     "date": "2018-05-11",
     "open": 124.42,
     "high": 124.42,
     "low": 111.51,
     "close": 114.37,
     "volume_ltc": 33550.05,
     "volume_eur": 3978007.08
  },
  {
     "date": "2018-05-12",
     "open": 114.37,
     "high": 121.1,
     "low": 110.02,
     "close": 118.53,
     "volume_ltc": 14647.69,
     "volume_eur": 1698806.14
  },
  {
     "date": "2018-05-13",
     "open": 118.53,
     "high": 122.99,
     "low": 114.5,
     "close": 120.67,
     "volume_ltc": 11954.42,
     "volume_eur": 1415318.12
  },
  {
     "date": "2018-05-14",
     "open": 120.67,
     "high": 128.21,
     "low": 112.41,
     "close": 123.35,
     "volume_ltc": 29568.51,
     "volume_eur": 3542908.1
  },
  {
     "date": "2018-05-15",
     "open": 123.35,
     "high": 125.12,
     "low": 116.37,
     "close": 117.86,
     "volume_ltc": 15368.41,
     "volume_eur": 1857740.46
  },
  {
     "date": "2018-05-16",
     "open": 117.86,
     "high": 119.66,
     "low": 114,
     "close": 117.84,
     "volume_ltc": 16189.02,
     "volume_eur": 1890079.92
  },
  {
     "date": "2018-05-17",
     "open": 117.84,
     "high": 119.4,
     "low": 111.35,
     "close": 112.45,
     "volume_ltc": 8483.46,
     "volume_eur": 984652.3
  },
  {
     "date": "2018-05-18",
     "open": 112.45,
     "high": 117.01,
     "low": 109.15,
     "close": 115.35,
     "volume_ltc": 12675.06,
     "volume_eur": 1427315.46
  },
  {
     "date": "2018-05-19",
     "open": 115.35,
     "high": 117.13,
     "low": 113.11,
     "close": 114.57,
     "volume_ltc": 4661.61,
     "volume_eur": 536160.97
  },
  {
     "date": "2018-05-20",
     "open": 114.57,
     "high": 119.5,
     "low": 112.55,
     "close": 117.83,
     "volume_ltc": 5523.21,
     "volume_eur": 645591.99
  },
  {
     "date": "2018-05-21",
     "open": 117.83,
     "high": 118.58,
     "low": 113.69,
     "close": 114.07,
     "volume_ltc": 5049.46,
     "volume_eur": 584170.61
  },
  {
     "date": "2018-05-22",
     "open": 114.07,
     "high": 115.45,
     "low": 107.96,
     "close": 108.6,
     "volume_ltc": 9310.91,
     "volume_eur": 1038825.66
  },
  {
     "date": "2018-05-23",
     "open": 108.6,
     "high": 109.56,
     "low": 100,
     "close": 101.79,
     "volume_ltc": 18266.95,
     "volume_eur": 1899659.83
  },
  {
     "date": "2018-05-24",
     "open": 101.79,
     "high": 106.66,
     "low": 98,
     "close": 104.29,
     "volume_ltc": 15333.87,
     "volume_eur": 1568591.58
  },
  {
     "date": "2018-05-25",
     "open": 104.29,
     "high": 106.13,
     "low": 100.55,
     "close": 102.22,
     "volume_ltc": 8011.61,
     "volume_eur": 824355.51
  },
  {
     "date": "2018-05-26",
     "open": 102.22,
     "high": 105.16,
     "low": 100.75,
     "close": 101.51,
     "volume_ltc": 4604.79,
     "volume_eur": 473877.74
  },
  {
     "date": "2018-05-27",
     "open": 101.51,
     "high": 102,
     "low": 99.86,
     "close": 100.64,
     "volume_ltc": 5076.19,
     "volume_eur": 511179.64
  },
  {
     "date": "2018-05-28",
     "open": 100.64,
     "high": 101.37,
     "low": 95,
     "close": 95.84,
     "volume_ltc": 10759.6,
     "volume_eur": 1045980.77
  },
  {
     "date": "2018-05-29",
     "open": 95.84,
     "high": 105.82,
     "low": 94.64,
     "close": 103.37,
     "volume_ltc": 15108.82,
     "volume_eur": 1543293.4
  },
  {
     "date": "2018-05-30",
     "open": 103.37,
     "high": 106.14,
     "low": 99,
     "close": 100.52,
     "volume_ltc": 9385.69,
     "volume_eur": 958469.37
  },
  {
     "date": "2018-05-31",
     "open": 100.52,
     "high": 103.69,
     "low": 99.82,
     "close": 101.02,
     "volume_ltc": 9532.51,
     "volume_eur": 971706.86
  },
  {
     "date": "2018-06-01",
     "open": 101.02,
     "high": 103,
     "low": 99.67,
     "close": 102.81,
     "volume_ltc": 7659.93,
     "volume_eur": 778079.13
  },
  {
     "date": "2018-06-02",
     "open": 102.81,
     "high": 106.68,
     "low": 101.89,
     "close": 105.73,
     "volume_ltc": 6613.47,
     "volume_eur": 695389.93
  },
  {
     "date": "2018-06-03",
     "open": 105.73,
     "high": 110.16,
     "low": 104.77,
     "close": 106.9,
     "volume_ltc": 8991.15,
     "volume_eur": 971307.13
  },
  {
     "date": "2018-06-04",
     "open": 106.9,
     "high": 108.48,
     "low": 101,
     "close": 102.27,
     "volume_ltc": 10875.48,
     "volume_eur": 1121011.08
  },
  {
     "date": "2018-06-05",
     "open": 102.27,
     "high": 104.84,
     "low": 95.28,
     "close": 103.84,
     "volume_ltc": 13311.63,
     "volume_eur": 1347670.15
  },
  {
     "date": "2018-06-06",
     "open": 103.84,
     "high": 104.5,
     "low": 100.23,
     "close": 102.85,
     "volume_ltc": 6872.94,
     "volume_eur": 706503.98
  },
  {
     "date": "2018-06-07",
     "open": 102.85,
     "high": 104.74,
     "low": 101.17,
     "close": 103,
     "volume_ltc": 8914.53,
     "volume_eur": 919140.67
  },
  {
     "date": "2018-06-08",
     "open": 103,
     "high": 103.3,
     "low": 100.77,
     "close": 102.04,
     "volume_ltc": 4233.74,
     "volume_eur": 430244.58
  },
  {
     "date": "2018-06-09",
     "open": 102.04,
     "high": 102.96,
     "low": 99.6,
     "close": 99.69,
     "volume_ltc": 7154.37,
     "volume_eur": 726501.35
  },
  {
     "date": "2018-06-10",
     "open": 99.69,
     "high": 99.69,
     "low": 87.56,
     "close": 90.84,
     "volume_ltc": 25394.11,
     "volume_eur": 2362403.66
  },
  {
     "date": "2018-06-11",
     "open": 90.84,
     "high": 92.19,
     "low": 87.61,
     "close": 91.31,
     "volume_ltc": 12712.91,
     "volume_eur": 1143535.11
  },
  {
     "date": "2018-06-12",
     "open": 91.31,
     "high": 91.92,
     "low": 83.04,
     "close": 84.9,
     "volume_ltc": 13189.89,
     "volume_eur": 1149724.79
  },
  {
     "date": "2018-06-13",
     "open": 84.9,
     "high": 85.46,
     "low": 76.02,
     "close": 79.44,
     "volume_ltc": 26601.17,
     "volume_eur": 2125085.62
  },
  {
     "date": "2018-06-14",
     "open": 79.44,
     "high": 88.94,
     "low": 78.76,
     "close": 87.31,
     "volume_ltc": 21778.51,
     "volume_eur": 1830166.24
  },
  {
     "date": "2018-06-15",
     "open": 87.31,
     "high": 87.31,
     "low": 81.66,
     "close": 82.31,
     "volume_ltc": 14486.36,
     "volume_eur": 1225955.39
  },
  {
     "date": "2018-06-16",
     "open": 82.31,
     "high": 84.09,
     "low": 80.11,
     "close": 83.78,
     "volume_ltc": 9125.36,
     "volume_eur": 754360.26
  },
  {
     "date": "2018-06-17",
     "open": 83.78,
     "high": 84.42,
     "low": 81.56,
     "close": 81.78,
     "volume_ltc": 6814.44,
     "volume_eur": 564406.28
  },
  {
     "date": "2018-06-18",
     "open": 81.78,
     "high": 86.06,
     "low": 80.18,
     "close": 84.94,
     "volume_ltc": 11221.09,
     "volume_eur": 933617.75
  },
  {
     "date": "2018-06-19",
     "open": 84.94,
     "high": 88,
     "low": 83.6,
     "close": 85.42,
     "volume_ltc": 10741.42,
     "volume_eur": 922570.85
  },
  {
     "date": "2018-06-20",
     "open": 85.42,
     "high": 85.47,
     "low": 82.61,
     "close": 84.48,
     "volume_ltc": 8472.24,
     "volume_eur": 712359.45
  },
  {
     "date": "2018-06-21",
     "open": 84.48,
     "high": 85.6,
     "low": 83,
     "close": 83.59,
     "volume_ltc": 6372.72,
     "volume_eur": 535320.04
  },
  {
     "date": "2018-06-22",
     "open": 83.59,
     "high": 83.59,
     "low": 69.2,
     "close": 73.02,
     "volume_ltc": 38904.39,
     "volume_eur": 2916596.72
  },
  {
     "date": "2018-06-23",
     "open": 73.02,
     "high": 74.58,
     "low": 69.89,
     "close": 71.29,
     "volume_ltc": 11788.67,
     "volume_eur": 843371.74
  },
  {
     "date": "2018-06-24",
     "open": 71.29,
     "high": 71.83,
     "low": 63.1,
     "close": 69.22,
     "volume_ltc": 32347.53,
     "volume_eur": 2182023.57
  },
  {
     "date": "2018-06-25",
     "open": 69.22,
     "high": 72.1,
     "low": 67.59,
     "close": 69.85,
     "volume_ltc": 39391.52,
     "volume_eur": 2784525.46
  },
  {
     "date": "2018-06-26",
     "open": 69.85,
     "high": 70.41,
     "low": 64.82,
     "close": 65.08,
     "volume_ltc": 25297.35,
     "volume_eur": 1717229.42
  },
  {
     "date": "2018-06-27",
     "open": 65.08,
     "high": 70.81,
     "low": 64.25,
     "close": 69.62,
     "volume_ltc": 18500.96,
     "volume_eur": 1258520.12
  },
  {
     "date": "2018-06-28",
     "open": 69.62,
     "high": 70.37,
     "low": 63.84,
     "close": 64.23,
     "volume_ltc": 14255.04,
     "volume_eur": 960399
  },
  {
     "date": "2018-06-29",
     "open": 64.23,
     "high": 68.96,
     "low": 62.21,
     "close": 67.66,
     "volume_ltc": 23943.48,
     "volume_eur": 1534226.39
  },
  {
     "date": "2018-06-30",
     "open": 67.66,
     "high": 71.79,
     "low": 67.66,
     "close": 69.23,
     "volume_ltc": 15639.2,
     "volume_eur": 1088792.11
  },
  {
     "date": "2018-07-01",
     "open": 69.23,
     "high": 69.7,
     "low": 66.45,
     "close": 68.45,
     "volume_ltc": 19241.84,
     "volume_eur": 1304391.76
  },
  {
     "date": "2018-07-02",
     "open": 68.45,
     "high": 74.62,
     "low": 67.14,
     "close": 73.3,
     "volume_ltc": 16300.66,
     "volume_eur": 1172331.65
  },
  {
     "date": "2018-07-03",
     "open": 73.3,
     "high": 77.17,
     "low": 72.22,
     "close": 72.75,
     "volume_ltc": 20341.29,
     "volume_eur": 1521044.3
  },
  {
     "date": "2018-07-04",
     "open": 72.75,
     "high": 76.47,
     "low": 71.5,
     "close": 72.86,
     "volume_ltc": 11326.02,
     "volume_eur": 836906.48
  },
  {
     "date": "2018-07-05",
     "open": 72.86,
     "high": 74.42,
     "low": 70.14,
     "close": 71.15,
     "volume_ltc": 9423.94,
     "volume_eur": 681523.87
  },
  {
     "date": "2018-07-06",
     "open": 71.15,
     "high": 71.96,
     "low": 69,
     "close": 70.71,
     "volume_ltc": 7192.66,
     "volume_eur": 507952.29
  },
  {
     "date": "2018-07-07",
     "open": 70.71,
     "high": 72.8,
     "low": 67.91,
     "close": 72.18,
     "volume_ltc": 10450.32,
     "volume_eur": 727520.82
  },
  {
     "date": "2018-07-08",
     "open": 72.18,
     "high": 72.95,
     "low": 69.72,
     "close": 69.96,
     "volume_ltc": 7162.28,
     "volume_eur": 513243
  },
  {
     "date": "2018-07-09",
     "open": 69.96,
     "high": 70.54,
     "low": 68.11,
     "close": 68.4,
     "volume_ltc": 9540.25,
     "volume_eur": 663460.61
  },
  {
     "date": "2018-07-10",
     "open": 68.4,
     "high": 68.48,
     "low": 63.65,
     "close": 64.55,
     "volume_ltc": 9478.83,
     "volume_eur": 620437.74
  },
  {
     "date": "2018-07-11",
     "open": 64.55,
     "high": 69.05,
     "low": 64.26,
     "close": 66.85,
     "volume_ltc": 7911.51,
     "volume_eur": 524231.77
  },
  {
     "date": "2018-07-12",
     "open": 66.85,
     "high": 66.95,
     "low": 63.7,
     "close": 65.9,
     "volume_ltc": 9412.86,
     "volume_eur": 610878.92
  },
  {
     "date": "2018-07-13",
     "open": 65.9,
     "high": 67.23,
     "low": 64.47,
     "close": 65.48,
     "volume_ltc": 5645.31,
     "volume_eur": 372050.36
  },
  {
     "date": "2018-07-14",
     "open": 65.48,
     "high": 66.29,
     "low": 64.74,
     "close": 65.44,
     "volume_ltc": 3136.19,
     "volume_eur": 205155.46
  },
  {
     "date": "2018-07-15",
     "open": 65.44,
     "high": 68.08,
     "low": 64.41,
     "close": 67.18,
     "volume_ltc": 4053.15,
     "volume_eur": 269421.07
  },
  {
     "date": "2018-07-16",
     "open": 67.18,
     "high": 71.55,
     "low": 66.53,
     "close": 71.4,
     "volume_ltc": 10273,
     "volume_eur": 716113.93
  },
  {
     "date": "2018-07-17",
     "open": 71.4,
     "high": 77.17,
     "low": 69.43,
     "close": 76.29,
     "volume_ltc": 13632.36,
     "volume_eur": 1005077.55
  },
  {
     "date": "2018-07-18",
     "open": 76.29,
     "high": 80.79,
     "low": 73.2,
     "close": 73.89,
     "volume_ltc": 19568.44,
     "volume_eur": 1511566.3
  },
  {
     "date": "2018-07-19",
     "open": 73.89,
     "high": 76.51,
     "low": 72.62,
     "close": 73.79,
     "volume_ltc": 15900.2,
     "volume_eur": 1194112.54
  },
  {
     "date": "2018-07-20",
     "open": 73.79,
     "high": 74.03,
     "low": 69.01,
     "close": 69.58,
     "volume_ltc": 9755.16,
     "volume_eur": 698938.57
  },
  {
     "date": "2018-07-21",
     "open": 69.58,
     "high": 72.21,
     "low": 67.82,
     "close": 71.12,
     "volume_ltc": 5723.79,
     "volume_eur": 400837.55
  },
  {
     "date": "2018-07-22",
     "open": 71.12,
     "high": 71.57,
     "low": 69.45,
     "close": 70.01,
     "volume_ltc": 5153.22,
     "volume_eur": 364192.69
  },
  {
     "date": "2018-07-23",
     "open": 70.01,
     "high": 73.01,
     "low": 69.5,
     "close": 69.74,
     "volume_ltc": 7856.04,
     "volume_eur": 560619.07
  },
  {
     "date": "2018-07-24",
     "open": 69.74,
     "high": 76.58,
     "low": 69.25,
     "close": 76.35,
     "volume_ltc": 18134.71,
     "volume_eur": 1349256.61
  },
  {
     "date": "2018-07-25",
     "open": 76.35,
     "high": 77.31,
     "low": 72.58,
     "close": 73.6,
     "volume_ltc": 8908.98,
     "volume_eur": 662262.79
  },
  {
     "date": "2018-07-26",
     "open": 73.6,
     "high": 75.11,
     "low": 71.11,
     "close": 71.7,
     "volume_ltc": 9425.24,
     "volume_eur": 695240.51
  },
  {
     "date": "2018-07-27",
     "open": 71.7,
     "high": 72.99,
     "low": 70,
     "close": 72.28,
     "volume_ltc": 6710.52,
     "volume_eur": 478564.43
  },
  {
     "date": "2018-07-28",
     "open": 72.28,
     "high": 72.35,
     "low": 70.32,
     "close": 72.2,
     "volume_ltc": 3246.09,
     "volume_eur": 231542.39
  },
  {
     "date": "2018-07-29",
     "open": 72.2,
     "high": 73.1,
     "low": 71.33,
     "close": 71.96,
     "volume_ltc": 4214.4,
     "volume_eur": 302739.51
  },
  {
     "date": "2018-07-30",
     "open": 71.96,
     "high": 72.5,
     "low": 68.11,
     "close": 70.25,
     "volume_ltc": 9668.17,
     "volume_eur": 678407.77
  },
  {
     "date": "2018-07-31",
     "open": 70.25,
     "high": 70.37,
     "low": 65.09,
     "close": 67.35,
     "volume_ltc": 7563.49,
     "volume_eur": 504813.87
  },
  {
     "date": "2018-08-01",
     "open": 67.35,
     "high": 67.47,
     "low": 65.03,
     "close": 66.38,
     "volume_ltc": 7084.05,
     "volume_eur": 468384.64
  },
  {
     "date": "2018-08-02",
     "open": 66.38,
     "high": 67.1,
     "low": 65,
     "close": 65.7,
     "volume_ltc": 4904.7,
     "volume_eur": 322758.03
  },
  {
     "date": "2018-08-03",
     "open": 65.7,
     "high": 67.3,
     "low": 64.55,
     "close": 67.13,
     "volume_ltc": 5247.94,
     "volume_eur": 343627.8
  },
  {
     "date": "2018-08-04",
     "open": 67.13,
     "high": 67.37,
     "low": 62.2,
     "close": 63,
     "volume_ltc": 5849.37,
     "volume_eur": 375220.79
  },
  {
     "date": "2018-08-05",
     "open": 63,
     "high": 64.57,
     "low": 62.39,
     "close": 64.57,
     "volume_ltc": 3381.34,
     "volume_eur": 215076.37
  },
  {
     "date": "2018-08-06",
     "open": 64.57,
     "high": 66.31,
     "low": 62.7,
     "close": 63.65,
     "volume_ltc": 5283.46,
     "volume_eur": 337255.99
  },
  {
     "date": "2018-08-07",
     "open": 63.65,
     "high": 64.8,
     "low": 57.47,
     "close": 57.96,
     "volume_ltc": 11595.19,
     "volume_eur": 711146.35
  },
  {
     "date": "2018-08-08",
     "open": 57.96,
     "high": 58.1,
     "low": 52.5,
     "close": 53.56,
     "volume_ltc": 14628.97,
     "volume_eur": 814611.09
  },
  {
     "date": "2018-08-09",
     "open": 53.56,
     "high": 56.41,
     "low": 52.02,
     "close": 54.7,
     "volume_ltc": 8800.47,
     "volume_eur": 477576.03
  },
  {
     "date": "2018-08-10",
     "open": 54.7,
     "high": 54.84,
     "low": 51.01,
     "close": 51.78,
     "volume_ltc": 14918.79,
     "volume_eur": 797258.69
  },
  {
     "date": "2018-08-11",
     "open": 51.78,
     "high": 51.78,
     "low": 48.41,
     "close": 48.8,
     "volume_ltc": 7433.5,
     "volume_eur": 366770.03
  },
  {
     "date": "2018-08-12",
     "open": 48.8,
     "high": 48.8,
     "low": 48.8,
     "close": 48.8,
     "volume_ltc": 0,
     "volume_eur": 0
  },
  {
     "date": "2018-08-13",
     "open": 52.11,
     "high": 53.34,
     "low": 48.91,
     "close": 49.49,
     "volume_ltc": 11416.51,
     "volume_eur": 580931.64
  },
  {
     "date": "2018-08-14",
     "open": 49.49,
     "high": 60.56,
     "low": 43.41,
     "close": 47.92,
     "volume_ltc": 29335.63,
     "volume_eur": 1351633.91
  },
  {
     "date": "2018-08-15",
     "open": 47.92,
     "high": 52.27,
     "low": 47.47,
     "close": 48.02,
     "volume_ltc": 23068.57,
     "volume_eur": 1148588.33
  },
  {
     "date": "2018-08-16",
     "open": 48.02,
     "high": 50.67,
     "low": 48,
     "close": 48.75,
     "volume_ltc": 8068.08,
     "volume_eur": 396926.41
  },
  {
     "date": "2018-08-17",
     "open": 48.75,
     "high": 54.19,
     "low": 48.59,
     "close": 54.19,
     "volume_ltc": 14014.42,
     "volume_eur": 721508.25
  },
  {
     "date": "2018-08-18",
     "open": 54.19,
     "high": 54.54,
     "low": 48.44,
     "close": 50.12,
     "volume_ltc": 11641.92,
     "volume_eur": 589292.1
  },
  {
     "date": "2018-08-19",
     "open": 50.12,
     "high": 51.69,
     "low": 49.24,
     "close": 50.59,
     "volume_ltc": 7184.35,
     "volume_eur": 362192.12
  },
  {
     "date": "2018-08-20",
     "open": 50.59,
     "high": 51.23,
     "low": 46.14,
     "close": 46.42,
     "volume_ltc": 18724.4,
     "volume_eur": 909129
  },
  {
     "date": "2018-08-21",
     "open": 46.42,
     "high": 49.05,
     "low": 46.42,
     "close": 48.65,
     "volume_ltc": 6642.66,
     "volume_eur": 318651.26
  },
  {
     "date": "2018-08-22",
     "open": 48.65,
     "high": 51.08,
     "low": 46.5,
     "close": 47.45,
     "volume_ltc": 16387.42,
     "volume_eur": 796136.91
  },
  {
     "date": "2018-08-23",
     "open": 47.45,
     "high": 50.12,
     "low": 47.4,
     "close": 49.61,
     "volume_ltc": 6994.95,
     "volume_eur": 339703.88
  },
  {
     "date": "2018-08-24",
     "open": 49.61,
     "high": 50.27,
     "low": 47.96,
     "close": 49.77,
     "volume_ltc": 7536.75,
     "volume_eur": 371484.2
  },
  {
     "date": "2018-08-25",
     "open": 49.77,
     "high": 50.14,
     "low": 49.19,
     "close": 49.73,
     "volume_ltc": 2738.39,
     "volume_eur": 136137.26
  },
  {
     "date": "2018-08-26",
     "open": 49.73,
     "high": 49.86,
     "low": 48.2,
     "close": 48.97,
     "volume_ltc": 4694.65,
     "volume_eur": 229465.82
  },
  {
     "date": "2018-08-27",
     "open": 48.97,
     "high": 52.24,
     "low": 48.61,
     "close": 51.78,
     "volume_ltc": 7822.38,
     "volume_eur": 391565.43
  },
  {
     "date": "2018-08-28",
     "open": 51.78,
     "high": 54.59,
     "low": 51.02,
     "close": 54.01,
     "volume_ltc": 16365.17,
     "volume_eur": 857356.36
  },
  {
     "date": "2018-08-29",
     "open": 54.01,
     "high": 54.48,
     "low": 51.48,
     "close": 52.55,
     "volume_ltc": 16730.63,
     "volume_eur": 884490.09
  },
  {
     "date": "2018-08-30",
     "open": 52.55,
     "high": 52.61,
     "low": 50.24,
     "close": 51.65,
     "volume_ltc": 6975.55,
     "volume_eur": 355774.86
  },
  {
     "date": "2018-08-31",
     "open": 51.65,
     "high": 53.93,
     "low": 51.1,
     "close": 53.4,
     "volume_ltc": 6881.4,
     "volume_eur": 359737.76
  },
  {
     "date": "2018-09-01",
     "open": 53.4,
     "high": 58.34,
     "low": 53.3,
     "close": 56.96,
     "volume_ltc": 14619.24,
     "volume_eur": 815503.64
  },
  {
     "date": "2018-09-02",
     "open": 56.96,
     "high": 57.55,
     "low": 55.13,
     "close": 56.95,
     "volume_ltc": 8283.75,
     "volume_eur": 466817.74
  },
  {
     "date": "2018-09-03",
     "open": 56.95,
     "high": 57.17,
     "low": 55.41,
     "close": 56.19,
     "volume_ltc": 7500.03,
     "volume_eur": 421008.55
  },
  {
     "date": "2018-09-04",
     "open": 56.19,
     "high": 59.88,
     "low": 56.19,
     "close": 58.24,
     "volume_ltc": 19469.82,
     "volume_eur": 1141982.42
  },
  {
     "date": "2018-09-05",
     "open": 58.24,
     "high": 58.89,
     "low": 49.46,
     "close": 49.67,
     "volume_ltc": 35497.71,
     "volume_eur": 1933985.1
  },
  {
     "date": "2018-09-06",
     "open": 49.67,
     "high": 49.67,
     "low": 46.4,
     "close": 49.43,
     "volume_ltc": 15459.59,
     "volume_eur": 736929.79
  },
  {
     "date": "2018-09-07",
     "open": 49.43,
     "high": 50.39,
     "low": 47.32,
     "close": 48.22,
     "volume_ltc": 10028.02,
     "volume_eur": 487951.81
  },
  {
     "date": "2018-09-08",
     "open": 48.22,
     "high": 49.5,
     "low": 45.07,
     "close": 46.04,
     "volume_ltc": 6641.42,
     "volume_eur": 313242.57
  },
  {
     "date": "2018-09-09",
     "open": 46.04,
     "high": 49.08,
     "low": 45.21,
     "close": 47.23,
     "volume_ltc": 7604.85,
     "volume_eur": 361824.71
  },
  {
     "date": "2018-09-10",
     "open": 47.23,
     "high": 48.84,
     "low": 45.75,
     "close": 46.88,
     "volume_ltc": 9732.04,
     "volume_eur": 457630.61
  },
  {
     "date": "2018-09-11",
     "open": 46.88,
     "high": 47.26,
     "low": 43.14,
     "close": 44.53,
     "volume_ltc": 10598.02,
     "volume_eur": 479862.82
  },
  {
     "date": "2018-09-12",
     "open": 44.53,
     "high": 44.77,
     "low": 40.53,
     "close": 44.3,
     "volume_ltc": 17399.41,
     "volume_eur": 738373.28
  },
  {
     "date": "2018-09-13",
     "open": 44.3,
     "high": 47.37,
     "low": 44.3,
     "close": 46.57,
     "volume_ltc": 13809.45,
     "volume_eur": 637040.27
  },
  {
     "date": "2018-09-14",
     "open": 46.57,
     "high": 50.74,
     "low": 45.22,
     "close": 48.52,
     "volume_ltc": 14246.42,
     "volume_eur": 685293.81
  },
  {
     "date": "2018-09-15",
     "open": 48.52,
     "high": 50.49,
     "low": 47.8,
     "close": 48.55,
     "volume_ltc": 6919.66,
     "volume_eur": 340967.76
  },
  {
     "date": "2018-09-16",
     "open": 48.55,
     "high": 49.45,
     "low": 46.7,
     "close": 48.9,
     "volume_ltc": 6404.81,
     "volume_eur": 309321.57
  },
  {
     "date": "2018-09-17",
     "open": 48.9,
     "high": 49.68,
     "low": 43.87,
     "close": 44.59,
     "volume_ltc": 14832.14,
     "volume_eur": 692296.76
  },
  {
     "date": "2018-09-18",
     "open": 44.59,
     "high": 47.52,
     "low": 43.18,
     "close": 46.28,
     "volume_ltc": 10847.27,
     "volume_eur": 496813.67
  },
  {
     "date": "2018-09-19",
     "open": 46.28,
     "high": 47.11,
     "low": 44.24,
     "close": 46.57,
     "volume_ltc": 11076.41,
     "volume_eur": 507946.39
  },
  {
     "date": "2018-09-20",
     "open": 46.57,
     "high": 48.79,
     "low": 45.46,
     "close": 48.11,
     "volume_ltc": 9691.09,
     "volume_eur": 452947.33
  },
  {
     "date": "2018-09-21",
     "open": 48.11,
     "high": 53.5,
     "low": 47.81,
     "close": 51.72,
     "volume_ltc": 36831.25,
     "volume_eur": 1859038.38
  },
  {
     "date": "2018-09-22",
     "open": 51.72,
     "high": 52.64,
     "low": 49.33,
     "close": 51.47,
     "volume_ltc": 8449.36,
     "volume_eur": 429971.91
  },
  {
     "date": "2018-09-23",
     "open": 51.47,
     "high": 54.61,
     "low": 50.86,
     "close": 52.34,
     "volume_ltc": 18476.77,
     "volume_eur": 974151.99
  },
  {
     "date": "2018-09-24",
     "open": 52.34,
     "high": 52.34,
     "low": 47.59,
     "close": 49.27,
     "volume_ltc": 15239.27,
     "volume_eur": 753049.05
  },
  {
     "date": "2018-09-25",
     "open": 49.27,
     "high": 49.39,
     "low": 46.16,
     "close": 48.94,
     "volume_ltc": 15108.42,
     "volume_eur": 721982.12
  },
  {
     "date": "2018-09-26",
     "open": 48.94,
     "high": 50.9,
     "low": 48.02,
     "close": 48.74,
     "volume_ltc": 16061.34,
     "volume_eur": 793444.59
  },
  {
     "date": "2018-09-27",
     "open": 48.74,
     "high": 56.17,
     "low": 48.45,
     "close": 54.27,
     "volume_ltc": 36949.03,
     "volume_eur": 1975415.37
  },
  {
     "date": "2018-09-28",
     "open": 54.27,
     "high": 55.81,
     "low": 51.72,
     "close": 53.29,
     "volume_ltc": 16150.9,
     "volume_eur": 866342.47
  },
  {
     "date": "2018-09-29",
     "open": 53.29,
     "high": 53.75,
     "low": 50.82,
     "close": 52.88,
     "volume_ltc": 9097.18,
     "volume_eur": 476163.07
  },
  {
     "date": "2018-09-30",
     "open": 52.88,
     "high": 54.16,
     "low": 51.5,
     "close": 52.56,
     "volume_ltc": 9438.1,
     "volume_eur": 496071.59
  },
  {
     "date": "2018-10-01",
     "open": 52.56,
     "high": 53.28,
     "low": 51.1,
     "close": 51.85,
     "volume_ltc": 8164.08,
     "volume_eur": 425935.37
  },
  {
     "date": "2018-10-02",
     "open": 51.85,
     "high": 53.13,
     "low": 51.01,
     "close": 51.3,
     "volume_ltc": 7095.29,
     "volume_eur": 369421.49
  },
  {
     "date": "2018-10-03",
     "open": 51.3,
     "high": 51.31,
     "low": 48.73,
     "close": 49.9,
     "volume_ltc": 9593.84,
     "volume_eur": 479203.66
  },
  {
     "date": "2018-10-04",
     "open": 49.9,
     "high": 51.27,
     "low": 49.69,
     "close": 50.39,
     "volume_ltc": 4249.33,
     "volume_eur": 215317.73
  },
  {
     "date": "2018-10-05",
     "open": 50.39,
     "high": 51.5,
     "low": 49.78,
     "close": 50.86,
     "volume_ltc": 13745.94,
     "volume_eur": 690389.86
  },
  {
     "date": "2018-10-06",
     "open": 50.86,
     "high": 51.09,
     "low": 49.13,
     "close": 50.14,
     "volume_ltc": 7071.36,
     "volume_eur": 352705.33
  },
  {
     "date": "2018-10-07",
     "open": 50.14,
     "high": 50.62,
     "low": 49.2,
     "close": 50.25,
     "volume_ltc": 6329.27,
     "volume_eur": 316061.3
  },
  {
     "date": "2018-10-08",
     "open": 50.25,
     "high": 51.96,
     "low": 49.75,
     "close": 51.56,
     "volume_ltc": 9208.52,
     "volume_eur": 468159.74
  },
  {
     "date": "2018-10-09",
     "open": 51.56,
     "high": 51.64,
     "low": 50.49,
     "close": 50.91,
     "volume_ltc": 4773.12,
     "volume_eur": 243446.37
  },
  {
     "date": "2018-10-10",
     "open": 50.91,
     "high": 50.91,
     "low": 49.43,
     "close": 49.88,
     "volume_ltc": 8249.08,
     "volume_eur": 410661.01
  },
  {
     "date": "2018-10-11",
     "open": 49.88,
     "high": 49.88,
     "low": 43.01,
     "close": 43.55,
     "volume_ltc": 32448.89,
     "volume_eur": 1470371.22
  },
  {
     "date": "2018-10-12",
     "open": 43.55,
     "high": 46.21,
     "low": 43.29,
     "close": 45.88,
     "volume_ltc": 9844.97,
     "volume_eur": 446397.72
  },
  {
     "date": "2018-10-13",
     "open": 45.88,
     "high": 46.79,
     "low": 45.5,
     "close": 45.98,
     "volume_ltc": 5284.39,
     "volume_eur": 243404.62
  },
  {
     "date": "2018-10-14",
     "open": 45.98,
     "high": 46.17,
     "low": 44.18,
     "close": 44.35,
     "volume_ltc": 7905.12,
     "volume_eur": 359672.3
  },
  {
     "date": "2018-10-15",
     "open": 44.35,
     "high": 49.32,
     "low": 44.09,
     "close": 46.29,
     "volume_ltc": 42178.97,
     "volume_eur": 1969991.49
  },
  {
     "date": "2018-10-16",
     "open": 46.29,
     "high": 46.29,
     "low": 46.16,
     "close": 46.16,
     "volume_ltc": 0,
     "volume_eur": 0
  },
  {
     "date": "2018-10-17",
     "open": 45.98,
     "high": 46.05,
     "low": 45.28,
     "close": 46,
     "volume_ltc": 5551.16,
     "volume_eur": 253654.71
  },
  {
     "date": "2018-10-18",
     "open": 46,
     "high": 46.39,
     "low": 44.62,
     "close": 45.2,
     "volume_ltc": 7335.26,
     "volume_eur": 333178.24
  },
  {
     "date": "2018-10-19",
     "open": 45.2,
     "high": 46.23,
     "low": 44.91,
     "close": 45.68,
     "volume_ltc": 7179.9,
     "volume_eur": 327214.41
  },
  {
     "date": "2018-10-20",
     "open": 45.68,
     "high": 46.27,
     "low": 45.39,
     "close": 46.03,
     "volume_ltc": 2379.94,
     "volume_eur": 109335.76
  },
  {
     "date": "2018-10-21",
     "open": 46.03,
     "high": 46.43,
     "low": 45.3,
     "close": 45.45,
     "volume_ltc": 3287.58,
     "volume_eur": 150630.62
  },
  {
     "date": "2018-10-22",
     "open": 45.45,
     "high": 45.66,
     "low": 44.94,
     "close": 45.18,
     "volume_ltc": 4660.53,
     "volume_eur": 210709.88
  },
  {
     "date": "2018-10-23",
     "open": 45.18,
     "high": 45.9,
     "low": 44.81,
     "close": 45.44,
     "volume_ltc": 6013.25,
     "volume_eur": 272121.82
  },
  {
     "date": "2018-10-24",
     "open": 45.44,
     "high": 46,
     "low": 45.37,
     "close": 45.5,
     "volume_ltc": 3491.92,
     "volume_eur": 159477.15
  },
  {
     "date": "2018-10-25",
     "open": 45.5,
     "high": 45.78,
     "low": 45.04,
     "close": 45.54,
     "volume_ltc": 4275.35,
     "volume_eur": 194263.14
  },
  {
     "date": "2018-10-26",
     "open": 45.54,
     "high": 46,
     "low": 45.01,
     "close": 45.3,
     "volume_ltc": 5764.63,
     "volume_eur": 262720.19
  },
  {
     "date": "2018-10-27",
     "open": 45.3,
     "high": 45.51,
     "low": 45.01,
     "close": 45.21,
     "volume_ltc": 2423.01,
     "volume_eur": 109594.05
  },
  {
     "date": "2018-10-28",
     "open": 45.21,
     "high": 45.46,
     "low": 44.9,
     "close": 45.17,
     "volume_ltc": 1865.41,
     "volume_eur": 84146.6
  },
  {
     "date": "2018-10-29",
     "open": 45.17,
     "high": 45.28,
     "low": 41.54,
     "close": 42.8,
     "volume_ltc": 10418.24,
     "volume_eur": 449092.33
  },
  {
     "date": "2018-10-30",
     "open": 42.8,
     "high": 43.34,
     "low": 42.67,
     "close": 43.1,
     "volume_ltc": 5321.34,
     "volume_eur": 229084.3
  },
  {
     "date": "2018-10-31",
     "open": 43.1,
     "high": 44.39,
     "low": 42.08,
     "close": 43.64,
     "volume_ltc": 7542.06,
     "volume_eur": 326107.33
  },
  {
     "date": "2018-11-01",
     "open": 43.64,
     "high": 44.17,
     "low": 43.3,
     "close": 43.96,
     "volume_ltc": 3360.86,
     "volume_eur": 146642.81
  },
  {
     "date": "2018-11-02",
     "open": 43.96,
     "high": 45.24,
     "low": 43.92,
     "close": 44.86,
     "volume_ltc": 4375.26,
     "volume_eur": 194860.22
  },
  {
     "date": "2018-11-03",
     "open": 44.86,
     "high": 44.93,
     "low": 44.25,
     "close": 44.5,
     "volume_ltc": 2513.26,
     "volume_eur": 111984.05
  },
  {
     "date": "2018-11-04",
     "open": 44.5,
     "high": 49,
     "low": 44.28,
     "close": 47.33,
     "volume_ltc": 19660.39,
     "volume_eur": 927171.23
  },
  {
     "date": "2018-11-05",
     "open": 47.33,
     "high": 47.88,
     "low": 46.26,
     "close": 46.78,
     "volume_ltc": 8698.53,
     "volume_eur": 407033.15
  },
  {
     "date": "2018-11-06",
     "open": 46.78,
     "high": 49,
     "low": 46.75,
     "close": 48.91,
     "volume_ltc": 7820.5,
     "volume_eur": 373312.04
  },
  {
     "date": "2018-11-07",
     "open": 48.91,
     "high": 49.28,
     "low": 46.43,
     "close": 47.15,
     "volume_ltc": 7505.07,
     "volume_eur": 357880.68
  },
  {
     "date": "2018-11-08",
     "open": 47.15,
     "high": 47.58,
     "low": 45.74,
     "close": 45.83,
     "volume_ltc": 6746.44,
     "volume_eur": 313470.34
  },
  {
     "date": "2018-11-09",
     "open": 45.83,
     "high": 46.23,
     "low": 45,
     "close": 45.6,
     "volume_ltc": 4069.93,
     "volume_eur": 185444.01
  },
  {
     "date": "2018-11-10",
     "open": 45.6,
     "high": 46.11,
     "low": 45.4,
     "close": 45.65,
     "volume_ltc": 2397.71,
     "volume_eur": 109846.64
  },
  {
     "date": "2018-11-11",
     "open": 45.65,
     "high": 45.76,
     "low": 43.7,
     "close": 44.8,
     "volume_ltc": 8065.95,
     "volume_eur": 359871
  },
  {
     "date": "2018-11-12",
     "open": 44.8,
     "high": 45.3,
     "low": 44.28,
     "close": 44.79,
     "volume_ltc": 5536.66,
     "volume_eur": 247855.9
  },
  {
     "date": "2018-11-13",
     "open": 44.79,
     "high": 44.84,
     "low": 42.88,
     "close": 43.34,
     "volume_ltc": 8200.7,
     "volume_eur": 360383.17
  },
  {
     "date": "2018-11-14",
     "open": 43.34,
     "high": 44.34,
     "low": 35.52,
     "close": 37.99,
     "volume_ltc": 51131.38,
     "volume_eur": 1964952.42
  },
  {
     "date": "2018-11-15",
     "open": 37.99,
     "high": 38.64,
     "low": 35.1,
     "close": 38.31,
     "volume_ltc": 33076.07,
     "volume_eur": 1228604.93
  },
  {
     "date": "2018-11-16",
     "open": 38.31,
     "high": 38.47,
     "low": 36.24,
     "close": 36.58,
     "volume_ltc": 14077.27,
     "volume_eur": 525687.08
  },
  {
     "date": "2018-11-17",
     "open": 36.58,
     "high": 36.6,
     "low": 35.98,
     "close": 36.33,
     "volume_ltc": 7503.21,
     "volume_eur": 272049.49
  },
  {
     "date": "2018-11-18",
     "open": 36.33,
     "high": 37.65,
     "low": 36.33,
     "close": 36.64,
     "volume_ltc": 4854.42,
     "volume_eur": 178712.75
  },
  {
     "date": "2018-11-19",
     "open": 36.64,
     "high": 36.64,
     "low": 30.1,
     "close": 30.52,
     "volume_ltc": 51935.17,
     "volume_eur": 1667197.57
  },
  {
     "date": "2018-11-20",
     "open": 30.52,
     "high": 32.58,
     "low": 25.04,
     "close": 28.37,
     "volume_ltc": 77404.21,
     "volume_eur": 2209090.2
  },
  {
     "date": "2018-11-21",
     "open": 28.37,
     "high": 30.14,
     "low": 27.2,
     "close": 30.14,
     "volume_ltc": 27590.54,
     "volume_eur": 796122.29
  },
  {
     "date": "2018-11-22",
     "open": 30.14,
     "high": 30.31,
     "low": 27.3,
     "close": 27.47,
     "volume_ltc": 29795.77,
     "volume_eur": 863330.32
  },
  {
     "date": "2018-11-23",
     "open": 27.47,
     "high": 28.85,
     "low": 26.64,
     "close": 28.05,
     "volume_ltc": 25604.8,
     "volume_eur": 706248.62
  },
  {
     "date": "2018-11-24",
     "open": 28.05,
     "high": 29.11,
     "low": 24.54,
     "close": 25.27,
     "volume_ltc": 41076.72,
     "volume_eur": 1082431.76
  },
  {
     "date": "2018-11-25",
     "open": 25.27,
     "high": 28.09,
     "low": 23.03,
     "close": 26.82,
     "volume_ltc": 59583.43,
     "volume_eur": 1485398.31
  },
  {
     "date": "2018-11-26",
     "open": 26.82,
     "high": 27.95,
     "low": 24.28,
     "close": 25.62,
     "volume_ltc": 55496.92,
     "volume_eur": 1444569.6
  },
  {
     "date": "2018-11-27",
     "open": 25.62,
     "high": 27.78,
     "low": 24.9,
     "close": 27.25,
     "volume_ltc": 18894.88,
     "volume_eur": 493952.34
  },
  {
     "date": "2018-11-28",
     "open": 27.25,
     "high": 31.81,
     "low": 27.2,
     "close": 30.34,
     "volume_ltc": 66737.45,
     "volume_eur": 2012175.01
  },
  {
     "date": "2018-11-29",
     "open": 30.34,
     "high": 31.39,
     "low": 28.88,
     "close": 29.42,
     "volume_ltc": 17089.64,
     "volume_eur": 512641.64
  },
  {
     "date": "2018-11-30",
     "open": 29.42,
     "high": 29.89,
     "low": 27.11,
     "close": 28,
     "volume_ltc": 15552.38,
     "volume_eur": 435580.38
  },
  {
     "date": "2018-12-01",
     "open": 28.01,
     "high": 30.79,
     "low": 27.46,
     "close": 29.97,
     "volume_ltc": 13502.32,
     "volume_eur": 395321.2
  },
  {
     "date": "2018-12-02",
     "open": 29.97,
     "high": 30.76,
     "low": 28.55,
     "close": 29.32,
     "volume_ltc": 13082.97,
     "volume_eur": 386981.21
  },
  {
     "date": "2018-12-03",
     "open": 29.32,
     "high": 29.5,
     "low": 26.14,
     "close": 26.86,
     "volume_ltc": 17505.4,
     "volume_eur": 480016.41
  },
  {
     "date": "2018-12-04",
     "open": 26.86,
     "high": 28.08,
     "low": 26,
     "close": 27.13,
     "volume_ltc": 15421.83,
     "volume_eur": 422754.82
  },
  {
     "date": "2018-12-05",
     "open": 27.13,
     "high": 27.35,
     "low": 25.35,
     "close": 25.35,
     "volume_ltc": 14988.85,
     "volume_eur": 390446.93
  },
  {
     "date": "2018-12-06",
     "open": 25.35,
     "high": 26.66,
     "low": 23,
     "close": 23.14,
     "volume_ltc": 36009.19,
     "volume_eur": 884820.16
  },
  {
     "date": "2018-12-07",
     "open": 23.14,
     "high": 23.27,
     "low": 19.59,
     "close": 21.86,
     "volume_ltc": 56287.98,
     "volume_eur": 1229135.02
  },
  {
     "date": "2018-12-08",
     "open": 21.86,
     "high": 23.25,
     "low": 20.15,
     "close": 21.27,
     "volume_ltc": 30915.37,
     "volume_eur": 663589.97
  },
  {
     "date": "2018-12-09",
     "open": 21.27,
     "high": 23.38,
     "low": 21.25,
     "close": 22.18,
     "volume_ltc": 30239.63,
     "volume_eur": 673940.09
  },
  {
     "date": "2018-12-10",
     "open": 22.18,
     "high": 22.43,
     "low": 20.68,
     "close": 21.17,
     "volume_ltc": 36311.21,
     "volume_eur": 773769.88
  },
  {
     "date": "2018-12-11",
     "open": 21.17,
     "high": 21.47,
     "low": 20.07,
     "close": 20.69,
     "volume_ltc": 19557.79,
     "volume_eur": 403503.22
  },
  {
     "date": "2018-12-12",
     "open": 20.55,
     "high": 21.95,
     "low": 20.34,
     "close": 21.21,
     "volume_ltc": 16874.36,
     "volume_eur": 361170.9
  },
  {
     "date": "2018-12-13",
     "open": 21.21,
     "high": 21.25,
     "low": 19.95,
     "close": 20.14,
     "volume_ltc": 14411.8,
     "volume_eur": 298519.89
  },
  {
     "date": "2018-12-14",
     "open": 20.14,
     "high": 20.73,
     "low": 19.65,
     "close": 20.43,
     "volume_ltc": 13643.57,
     "volume_eur": 276714.74
  },
  {
     "date": "2018-12-15",
     "open": 20.43,
     "high": 21.16,
     "low": 20.28,
     "close": 20.8,
     "volume_ltc": 11265.36,
     "volume_eur": 232352.05
  },
  {
     "date": "2018-12-16",
     "open": 20.8,
     "high": 23.72,
     "low": 20.72,
     "close": 22.29,
     "volume_ltc": 22421.4,
     "volume_eur": 508470.03
  },
  {
     "date": "2018-12-17",
     "open": 22.29,
     "high": 26.83,
     "low": 22.29,
     "close": 25.51,
     "volume_ltc": 46796.37,
     "volume_eur": 1167610.6
  },
  {
     "date": "2018-12-18",
     "open": 25.51,
     "high": 26.6,
     "low": 24.41,
     "close": 26.51,
     "volume_ltc": 26101,
     "volume_eur": 661247.28
  },
  {
     "date": "2018-12-19",
     "open": 26.51,
     "high": 27.73,
     "low": 25.2,
     "close": 25.47,
     "volume_ltc": 41994.36,
     "volume_eur": 1120019.25
  },
  {
     "date": "2018-12-20",
     "open": 25.47,
     "high": 28.95,
     "low": 25.24,
     "close": 28.34,
     "volume_ltc": 29203.16,
     "volume_eur": 802903.98
  },
  {
     "date": "2018-12-21",
     "open": 28.34,
     "high": 28.82,
     "low": 26.2,
     "close": 26.71,
     "volume_ltc": 24294.35,
     "volume_eur": 668326.89
  },
  {
     "date": "2018-12-22",
     "open": 26.71,
     "high": 27.89,
     "low": 26.23,
     "close": 27.89,
     "volume_ltc": 14948.66,
     "volume_eur": 405192.14
  },
  {
     "date": "2018-12-23",
     "open": 27.89,
     "high": 29.91,
     "low": 27.75,
     "close": 29.12,
     "volume_ltc": 22590.61,
     "volume_eur": 656197.96
  },
  {
     "date": "2018-12-24",
     "open": 29.12,
     "high": 32,
     "low": 28.54,
     "close": 28.98,
     "volume_ltc": 42753.38,
     "volume_eur": 1308036.45
  },
  {
     "date": "2018-12-25",
     "open": 28.98,
     "high": 28.98,
     "low": 26.1,
     "close": 27.05,
     "volume_ltc": 29442.48,
     "volume_eur": 795542.75
  },
  {
     "date": "2018-12-26",
     "open": 27.05,
     "high": 28,
     "low": 25.41,
     "close": 26.85,
     "volume_ltc": 21118.06,
     "volume_eur": 564203.23
  },
  {
     "date": "2018-12-27",
     "open": 26.85,
     "high": 27.38,
     "low": 24.17,
     "close": 24.41,
     "volume_ltc": 25736.88,
     "volume_eur": 650524.24
  },
  {
     "date": "2018-12-28",
     "open": 24.41,
     "high": 29.43,
     "low": 24.37,
     "close": 28.28,
     "volume_ltc": 42976.18,
     "volume_eur": 1153931.3
  },
  {
     "date": "2018-12-29",
     "open": 28.28,
     "high": 29.13,
     "low": 26.61,
     "close": 26.85,
     "volume_ltc": 21335.52,
     "volume_eur": 597280.21
  },
  {
     "date": "2018-12-30",
     "open": 26.85,
     "high": 28.09,
     "low": 26.4,
     "close": 27.79,
     "volume_ltc": 14249.7,
     "volume_eur": 392974.55
  },
  {
     "date": "2018-12-31",
     "open": 27.79,
     "high": 27.82,
     "low": 25.85,
     "close": 26.19,
     "volume_ltc": 19342.3,
     "volume_eur": 519712.5
  }
]
